"pathogen","types","description"
"Stenotrophomonas maltophilia","Gram-negative","Stenotrophomonas maltophilia is an aerobic, nonfermentative, Gram-negative bacterium. It is an uncommon bacterium and human infection is difficult to treat. Initially classified as Bacterium bookeri, then renamed Pseudomonas maltophilia, S. maltophilia was also grouped in the genus Xanthomonas before eventually becoming the type species of the genus Stenotrophomonas in 1993."
"Enterococcus faecium","Gram-positive","Enterococcus faecium is a Gram-positive, gamma-hemolytic or non-hemolytic bacterium in the genus Enterococcus. It can be commensal in the gastrointestinal tract of humans and animals, but it may also be pathogenic, causing diseases such as neonatal meningitis or endocarditis."
"Escherichia coli","Gram-negative","Escherichia coli ( ESH--RIK-ee- KOH-lye) is a gram-negative, facultative anaerobic, rod-shaped, coliform bacterium of the genus Escherichia that is commonly found in the lower intestine of warm-blooded organisms. Most E. coli strains are part of the normal microbiota of the gut, where they constitute about 0.1%, along with other facultative anaerobes. These bacteria are mostly harmless or even beneficial to humans. For example, some strains of E. coli benefit their hosts by producing vitamin K2 or by preventing the colonization of the intestine by harmful pathogenic bacteria. These mutually beneficial relationships between E. coli and humans are a type of mutualistic biological relationshipwhere both the humans and the E. coli are benefitting each other. E. coli is expelled into the environment within fecal matter. The bacterium grows massively in fresh fecal matter under aerobic conditions for three days, but its numbers decline slowly afterwards."
"Pseudomonas aeruginosa","Gram-negative","Pseudomonas aeruginosa is a common encapsulated, Gram-negative, aerobicfacultatively anaerobic, rod-shaped bacterium that can cause disease in plants and animals, including humans. A species of considerable medical importance, P. aeruginosa is a multidrug resistant pathogen recognized for its ubiquity, its intrinsically advanced antibiotic resistance mechanisms, and its association with serious illnesses  hospital-acquired infections such as ventilator-associated pneumonia and various sepsis syndromes. P. aeruginosa is able to selectively inhibit various antibiotics from penetrating its outer membrane and has high resistance to several antibiotics. According to the World Health Organization P. aeruginosa poses one of the greatest threats to humans in terms of antibiotic resistance."
"Staphylococcus aureus","Gram-positive","Staphylococcus aureus is a Gram-positive spherically shaped bacterium, a member of the Bacillota, and is a usual member of the microbiota of the body, frequently found in the upper respiratory tract and on the skin. It is often positive for catalase and nitrate reduction and is a facultative anaerobe, meaning that it can grow without oxygen. Although S. aureus usually acts as a commensal of the human microbiota, it can also become an opportunistic pathogen, being a common cause of skin infections including abscesses, respiratory infections such as sinusitis, and food poisoning. Pathogenic strains often promote infections by producing virulence factors such as potent protein toxins, and the expression of a cell-surface protein that binds and inactivates antibodies. S. aureus is one of the leading pathogens for deaths associated with antimicrobial resistance and the emergence of antibiotic-resistant strains, such as methicillin-resistant S. aureus (MRSA). The bacterium is a worldwide problem in clinical medicine. Despite much research and development, no vaccine for S. aureus has been approved."
"Candida albicans","Fungi","Candida albicans is an opportunistic pathogenic yeast that is a common member of the human gut flora. It can also survive outside the human body. It is detected in the gastrointestinal tract and mouth in 4060% of healthy adults. It is usually a commensal organism, but it can become pathogenic in immunocompromised individuals under a variety of conditions. It is one of the few species of the genus Candida that cause the human infection candidiasis, which results from an overgrowth of the fungus. Candidiasis is, for example, often observed in HIV-infected patients. C. albicans is the most common fungal species isolated from biofilms either formed on (permanent) implanted medical devices or on human tissue. C. albicans, C. tropicalis, C. parapsilosis, and C. glabrata are together responsible for 5090% of all cases of candidiasis in humans. A mortality rate of 40% has been reported for patients with systemic candidiasis due to C. albicans. By one estimate, invasive candidiasis contracted in a hospital causes 2,800 to 11,200 deaths yearly in the US."
"Cutibacterium acnes","Gram-positive","Cutibacterium acnes is the relatively slow-growing, typically aerotolerant anaerobic, gram-positive bacterium (rod) linked to the skin condition of acne; it can also cause chronic blepharitis and endophthalmitis, the latter particularly following intraocular surgery. Its genome has been sequenced and a study has shown several genes can generate enzymes for degrading skin and proteins that may be immunogenic."
"Streptococcus mutans","Gram-positive","Streptococcus mutans is a facultatively anaerobic, gram-positive coccus commonly found in the human oral cavity and is a significant contributor to tooth decay. The microbe was first described by James Kilian Clarke in 1924."
"Staphylococcus epidermidis","Gram-positive","Staphylococcus epidermidis is a Gram-positive bacterium, and one of over 40 species belonging to the genus Staphylococcus. It is part of the normal human microbiota, typically the skin microbiota, and less commonly the mucosal microbiota and also found in marine sponges. It is a facultative anaerobic bacteria. Although S. epidermidis is not usually pathogenic, patients with compromised immune systems are at risk of developing infection. These infections are generally hospital-acquired. S. epidermidis is a particular concern for people with catheters or other surgical implants because it is known to form biofilms that grow on these devices. Being part of the normal skin microbiota, S. epidermidis is a frequent contaminant of specimens sent to the diagnostic laboratory."
"Acinetobacter baumannii","Gram-negative","Acinetobacter baumannii is a typically short, almost round, rod-shaped (coccobacillus) Gram-negative bacterium. It is named after the bacteriologist Paul Baumann. It can be an opportunistic pathogen in humans, affecting people with compromised immune systems, and is becoming increasingly important as a hospital-derived (nosocomial) infection. While other species of the genus Acinetobacter are often found in soil samples, it is almost exclusively isolated from hospital environments. Although occasionally it has been found in environmental soil and water samples, its natural habitat is still not known."
"Burkholderia pseudomallei","unknown","Burkholderia pseudomallei is a Gram-negative, bipolar, aerobic, motile rod-shaped bacterium. It is a soil-dwelling bacterium endemic in tropical and subtropical regions worldwide, particularly in Thailand and northern Australia. It was reported in 2008 that there had been an expansion of the affected regions due to significant natural disasters, and it could be found in Southern China, Hong Kong, and countries in the Americas. B. pseudomallei, amongst other pathogens, has been found in monkeys imported into the United States from Asia for laboratory use, posing a risk that the pathogen could be introduced into the country."
"Candida tropicalis","Fungi","Candida tropicalis is a species of yeast in the genus Candida. It is a common pathogen in neutropenic hosts, in whom it may spread through the bloodstream to peripheral organs. For invasive disease, treatments include amphotericin B, echinocandins, or extended-spectrum triazole antifungals."
"Nakaseomyces glabratus","Fungi","Nakaseomyces glabratus is a species of haploid yeast of the genus Nakaseomyces, previously known as Candida glabrata. Despite the fact that no sexual life cycle has been documented for this species, N. glabratus strains of both mating types are commonly found. N. glabrata is generally a commensal of human mucosal tissues, but in today's era of wider human immunodeficiency from various causes, N. glabratus is often the second or third most common cause of candidiasis as an opportunistic pathogen. Infections caused by N. glabratus can affect the urogenital tract or even cause systemic infections by entrance of the fungal cells in the bloodstream (Candidemia), especially prevalent in immunocompromised patients."
"Cryptococcus neoformans","Fungi","Cryptococcus neoformans is an encapsulated basidiomycetous yeast belonging to the class Tremellomycetes and an obligate aerobe that can live in both plants and animals. Its teleomorph is a filamentous fungus, formerly referred to Filobasidiella neoformans. In its yeast state, it is often found in bird excrement. It has remarkable genomic plasticity and genetic variability between its strains, making treatment of the disease it causes difficult. Cryptococcus neoformans causes disease primarily in immunocompromised hosts, such as HIV or cancer patients. In addition, it has been shown to cause disease in apparently immunocompetent hosts, especially in developed countries."
"Streptococcus gordonii","Gram-positive","Streptococcus gordonii is a Gram-positive bacterium included among some of the initial colonizers of the periodontal environment. The organism, along with related oral streptococci, has a high affinity for molecules in the salivary pellicle on tooth surfaces. S. gordonii therefore can rapidly colonize clean tooth surfaces, and S. gordonii along with related organisms comprise a high percentage, up to 70%, of the bacterial biofilm that forms on clean tooth surfaces. Generally harmless in the mouth, S. gordonii can cause acute bacterial endocarditis upon gaining access systemically. S. gordonii also forms an attachment substratum for later colonizers of tooth surface and can modulate the pathogenicity of these secondary colonizers through interspecies communication mechanisms."
"Streptococcus sanguinis","Gram-positive","Streptococcus sanguinis, formerly known as Streptococcus sanguis, is a Gram-positive facultative anaerobic coccus species of bacteria and a member of the Viridans Streptococcus group. S. sanguinis is a normal inhabitant of the healthy human mouth where it is particularly found in dental plaque, where it modifies the environment to make it less hospitable for other strains of Streptococcus that cause cavities, such as Streptococcus mutans."
"Burkholderia cenocepacia","Gram-negative","Burkholderia cenocepacia is a Gram-negative, rod-shaped bacterium that is commonly found in soil and water environments and may also be associated with plants and animals, particularly as a human pathogen. It is one of over 20 species in the Burkholderia cepacia complex (Bcc) and is notable due to its virulence factors and inherent antibiotic resistance that render it a prominent opportunistic pathogen responsible for life-threatening, nosocomial infections in immunocompromised patients, such as those with cystic fibrosis or chronic granulomatous disease. The quorum sensing systems CepIR and CciIR regulate the formation of biofilms and the expression of virulence factors such as siderophores and proteases. Burkholderia cenocepacia may also cause disease in plants, such as in onions and bananas. Additionally, some strains serve as plant growth-promoting rhizobacteria."
"Francisella tularensis","unknown","Francisella tularensis is a pathogenic species of Gram-negative coccobacillus, an aerobic bacterium. It is nonspore-forming, nonmotile, and the causative agent of tularemia, the pneumonic form of which is often lethal without treatment. It is a fastidious, facultative intracellular bacterium, which requires cysteine for growth. Due to its low infectious dose, ease of spread by aerosol, and high virulence, F. tularensis is classified as a Tier 1 Select Agent by the U.S. government, along with other potential agents of bioterrorism such as Yersinia pestis, Bacillus anthracis, and Ebola virus. When found in nature, Francisella tularensis can survive for several weeks at low temperatures in animal carcasses, soil, and water. In the laboratory, F. tularensis appears as small rods, and is grown best at 3537 C."
"Listeria monocytogenes","Gram-positive","Listeria monocytogenes is the species of pathogenic bacteria that causes the infection listeriosis. It is a facultative anaerobic bacterium, capable of surviving with or without oxygen. It can grow and reproduce inside the host's cells and is one of the most virulent foodborne pathogens. Twenty to thirty percent of foodborne listeriosis infections in high-risk individuals may be fatal. In the European Union, listeriosis continues an upward trend that began in 2008, causing 2,161 confirmed cases and 210 reported deaths in 2014, 16% more than in 2013. In the EU, listeriosis mortality rates also are higher than those of other foodborne pathogens. Responsible for an estimated 1,600 illnesses and 260 deaths in the United States annually, listeriosis ranks third in total number of deaths among foodborne bacterial pathogens, with fatality rates exceeding even the infamous Clostridium botulinum."
"Porphyromonas gingivalis","unknown","Porphyromonas gingivalis belongs to the phylum Bacteroidota and is a nonmotile, Gram-negative, rod-shaped, anaerobic, pathogenic bacterium. It forms black colonies on blood agar."
"Aspergillus fumigatus","Fungi","Aspergillus fumigatus is a species of fungus in the genus Aspergillus, and is one of the most common Aspergillus species to cause disease in individuals with an immunodeficiency."
"Fusarium solani","Fungi","The Fusarium solani species complex (FSSC) is a group of filamentous fungi in the division Ascomycota, family Nectriaceae. Members are common soil-inhabiting molds. Members of this group are implicated in plant diseases as well as in serious human diseases such as fungal keratitis."
"Streptococcus parasanguinis","Gram-positive","Streptococcus parasanguinis is a gram-positive bacterium of the genus Streptococcus that is classified as a member of the Streptococcus viridans group. S. parasanguinis is one of the major early colonizers of dental surfaces in the human oral cavity. Cell surface structures including pili and fimbriae allow the bacteria to adhere to oral surfaces. These adhesion molecules also play an important role in biofilm formation and promote aggregation with late tooth colonizers to form dental plaque. The presence of S. parasanguinis in the oral cavity is associated with a healthy microflora."
"Streptococcus oralis","Gram-positive","Streptococcus oralis is a Gram positive viridans streptococcus of the Streptococcus mitis group. S. oralis is one of the pioneer species associated with eubiotic dental pellicle biofilms, and can be found in high numbers on most oral surfaces. It has been, however, found to be an opportunistic pathogen as well."
"Streptococcus sobrinus","Gram-positive","Streptococcus sobrinus is a Gram-positive, catalase-negative, non-motile, and anaerobic member of the genus Streptococcus."
"Neurospora crassa","Fungi","Neurospora crassa is a type of red bread mold of the phylum Ascomycota. The genus name, meaning 'nerve spore' in Greek, refers to the characteristic striations on the spores. The first published account of this fungus was from an infestation of French bakeries in 1843."
"Streptococcus salivarius","Gram-positive","Streptococcus salivarius is a species of spherical, gram-positive, facultative anaerobic lactic acid bacteria that is both catalase and oxidase negative. S. salivarius colonizes the oral cavity and upper respiratory tract of humans just a few hours after birth, making further exposure to the bacteria harmless in most circumstances. The bacterium is considered an opportunistic pathogen, rarely finding its way into the bloodstream, where it has been implicated in cases of sepsis in people with neutropenia,."
"Enterococcus faecalis","Gram-positive","Enterococcus faecalis  formerly classified as part of the group D Streptococcus, is a Gram-positive, commensal bacterium naturally inhabiting the gastrointestinal tracts of humans. Like other species in the genus Enterococcus, E. faecalis is found in healthy humans and can be used as a probiotic. The probiotic strains such as Symbioflor1 and EF-2001 are characterized by the lack of specific genes related to drug resistance and pathogenesis."
"Ligilactobacillus salivarius","Gram-positive","Ligilactobacillus salivarius is a probiotic bacteria species that has been found to live in the gastrointestinal tract and exert a range of therapeutic properties including suppression of pathogenic bacteria."
"Candida dubliniensis","Fungi","No Wikipedia description available for Candida dubliniensis"
"Pichia kudriavzevii","Fungi","No Wikipedia description available for Pichia kudriavzevii"
"Listeria ivanovii","Gram-positive","No Wikipedia description available for Listeria ivanovii"
"Bacillus subtilis","Gram-positive","No Wikipedia description available for Bacillus subtilis"
"Aggregatibacter actinomycetemcomitans","Gram-negative","No Wikipedia description available for Aggregatibacter actinomycetemcomitans"
"Burkholderia ambifaria","Gram-negative","No Wikipedia description available for Burkholderia ambifaria"
"Klebsiella pneumoniae","Gram-negative","No Wikipedia description available for Klebsiella pneumoniae"
"Burkholderia multivorans","Gram-negative","No Wikipedia description available for Burkholderia multivorans"
"Salmonella enterica","Gram-negative","No Wikipedia description available for Salmonella enterica"
"Burkholderia dolosa","Gram-negative","No Wikipedia description available for Burkholderia dolosa"
"Burkholderia stabilis","Gram-negative","No Wikipedia description available for Burkholderia stabilis"
"Burkholderia thailandensis","Gram-negative","No Wikipedia description available for Burkholderia thailandensis"
"Staphylococcus haemolyticus","Gram-positive","No Wikipedia description available for Staphylococcus haemolyticus"
"Staphylococcus saprophyticus","Gram-positive","No Wikipedia description available for Staphylococcus saprophyticus"
"Staphylococcus lugdunensis","Gram-positive","No Wikipedia description available for Staphylococcus lugdunensis"
"Enterococcus casseliflavus","Gram-positive","Enterococcus casseliflavus is a species of commensal Gram-positive bacteria. Its name derived from the ""flavus"" the Latin word for yellow due to the bright yellow pigment that it produces. This organism can be found in the gastrointestinal tract of humans."
"Pseudomonas putida","Gram-negative","Pseudomonas putida is a Gram-negative, rod-shaped, saprophytic soil bacterium. It has a versatile metabolism and is amenable to genetic manipulation, making it a common organism used in research, bioremediation, and synthesis of chemicals and other compounds."
"Acinetobacter nosocomialis","Gram-negative","Acinetobacter nosocomialis is a gram-negative, strictly aerobic bacterium from the genus Acinetobacter isolated from a patient at MetroHealth in Cleveland, Ohio. Acinetobacter nosocomialis belongs to the Acinetobacter calcoaceticus-baumannii complex."
"Pseudomonas fluorescens","Gram-negative","Pseudomonas fluorescens is a common Gram-negative, rod-shaped bacterium. It belongs to the Pseudomonas genus; 16S rRNA analysis as well as phylogenomic analysis has placed P. fluorescens in the P. fluorescens group within the genus, to which it lends its name."
"Klebsiella oxytoca","Gram-negative","Klebsiella oxytoca is a Gram-negative, rod-shaped bacterium that is closely related to K. pneumoniae, from which it is distinguished by being indole-positive; it also has slightly different growth characteristics in that it is able to grow on melezitose, but not 3-hydroxybutyrate. It was first described in 1886 when it was isolated from sour milk and named Bacillus oxytocus perniciosus."
"Bacillus anthracis","unknown","Bacillus anthracis is a gram-positive and rod-shaped bacterium that causes anthrax, a deadly disease to livestock and, occasionally, to humans. It is the only permanent (obligate) pathogen within the genus Bacillus. Its infection is a type of zoonosis, as it is transmitted from animals to humans. It was discovered by a German physician Robert Koch in 1876, and became the first bacterium to be experimentally shown as a pathogen. The discovery was also the first scientific evidence for the germ theory of diseases."
"Bacillus cereus","Gram-positive","Bacillus cereus is a Gram-positive rod-shaped bacterium commonly found in soil, food, and marine sponges. The specific name, cereus, meaning ""waxy"" in Latin, refers to the appearance of colonies grown on blood agar. Some strains are harmful to humans and cause foodborne illness due to their spore-forming nature, while other strains can be beneficial as probiotics for animals, and even exhibit mutualism with certain plants. B. cereus bacteria may be aerobes or facultative anaerobes, and like other members of the genus Bacillus, can produce protective endospores. They have a wide range of virulence factors, including phospholipase C, cereulide, sphingomyelinase, metalloproteases, and cytotoxin K, many of which are regulated via quorum sensing. B. cereus strains exhibit flagellar motility."
"Aspergillus brasiliensis","Fungi","No Wikipedia description available for Aspergillus brasiliensis"
"Salmonella typhimurium","Gram-negative","Salmonella enterica subsp. enterica is a subspecies of Salmonella enterica, the rod-shaped, flagellated, aerobic, Gram-negative bacterium. Many of the pathogenic serovars of the S. enterica species are in this subspecies, including the one responsible for typhoid."
"Salmonella enteritidis","Gram-negative","Salmonella enterica subsp. enterica is a subspecies of Salmonella enterica, the rod-shaped, flagellated, aerobic, Gram-negative bacterium. Many of the pathogenic serovars of the S. enterica species are in this subspecies, including the one responsible for typhoid."
"Vibrio cholerae","Gram-negative","Vibrio cholerae is a species of Gram-negative, facultative anaerobe and comma-shaped bacteria. The bacteria naturally live in brackish or saltwater where they attach themselves easily to the chitin-containing shells of crabs, shrimp, and other shellfish. Some strains of V. cholerae are pathogenic to humans and cause a deadly disease called cholera, which can be derived from the consumption of undercooked or raw marine life species or drinking contaminated water."
"Vibrio parahaemolyticus","Gram-negative","Vibrio parahaemolyticus (V. parahaemolyticus) is a curved, rod-shaped, Gram-negative bacterial species found in the sea and in estuaries which, when ingested, may cause gastrointestinal illness in humans. V. parahaemolyticus is oxidase positive, facultatively aerobic, and does not form spores. Like other members of the genus Vibrio, this species is motile, with a single, polar flagellum."
"Acinetobacter calcoaceticus","Gram-negative","Acinetobacter calcoaceticus is a bacterial species of the genus Acinetobacter. It is a nonmotile, Gram-negative coccobacillus. It grows under aerobic conditions, is catalase positive and oxidase negative. A. calcoaceticus is a part of the A. calcoaceticus-A. baumannii complex together with Acinetobacter baumannii, Acinetobacter nosocomialis, Acinetobacter pitti and Acinetobacter seifertii."
"Aspergillus flavus","Fungi","Aspergillus flavus is a saprotrophic and pathogenic fungus with a cosmopolitan distribution. It is best known for its colonization of cereal grains, legumes, and tree nuts. Postharvest rot typically develops during harvest, storage, and/or transit. Its specific name flavus derives from the Latin meaning yellow, a reference to the frequently observed colour of the spores. A. flavus infections can occur while hosts are still in the field (preharvest), but often show no symptoms (dormancy) until postharvest storage or transport."
"Aspergillus niger","Fungi","Aspergillus niger ( ) is a mold classified within the Nigri section of the Aspergillus genus. The Aspergillus genus consists of common molds found throughout the environment within soil and water, on vegetation, in fecal matter, on decomposing matter, and suspended in the air. Species within this genus often grow quickly and can sporulate within a few days of germination. A combination of characteristics unique to A. niger makes the microbe invaluable to the production of many acids, proteins and bioactive compounds. Characteristics including extensive metabolic diversity, high production yield, secretion capability, and the ability to conduct post-translational modifications are responsible for A. niger's robust production of secondary metabolites. A. niger's capability to withstand extremely acidic conditions makes it especially important for the industrial production of citric acid."
"Aspergillus ochraceus","Fungi","Aspergillus ochraceus is a mold species in the genus Aspergillus known to produce the toxin ochratoxin A, one of the most abundant food-contaminating mycotoxins, and citrinin. It also produces the dihydroisocoumarin mellein. It is a filamentous fungus in nature and has characteristic biseriate conidiophores. Traditionally a soil fungus, has now began to adapt to varied ecological niches, like agricultural commodities, farmed animal and marine species. In humans and animals the consumption of this fungus produces chronic neurotoxic, immunosuppressive, genotoxic, carcinogenic and teratogenic effects. Its airborne spores are one of the potential causes of asthma in children and lung diseases in humans. The pig and chicken populations in the farms are the most affected by this fungus and its mycotoxins. Certain fungicides like mancozeb, copper oxychloride, and sulfur have inhibitory effects on the growth of this fungus and its mycotoxin producing capacities."
"Aspergillus parasiticus","Fungi","Aspergillus parasiticus is a fungus belonging to the genus Aspergillus. This species is an unspecialized saprophytic mold, mostly found outdoors in areas of rich soil with decaying plant material as well as in dry grain storage facilities. Often confused with the closely related species, A. flavus, A. parasiticus has defined morphological and molecular differences. Aspergillus parasiticus is one of three fungi able to produce the mycotoxin, aflatoxin, one of the most carcinogenic naturally occurring substances. Environmental stress can upregulate aflatoxin production by the fungus, which can occur when the fungus is growing on plants that become damaged due to exposure to poor weather conditions, during drought, by insects, or by birds. In humans, exposure to A. parasiticus toxins can cause delayed development in children and produce serious liver diseases and/or hepatic carcinoma in adults. The fungus can also cause the infection known as aspergillosis in humans and other animals. A. parasiticus is of agricultural importance due to its ability to cause disease in corn, peanut, and cottonseed."
"Aspergillus sydowii","Fungi","Aspergillus sydowii is a pathogenic fungus that causes several diseases in humans. It has been implicated in the death of sea fan corals in the Caribbean Sea."
"Aspergillus clavatus","Fungi","Aspergillus clavatus is a species of fungus in the genus Aspergillus with conidia dimensions 34.5 x 2.54.5 m. It is found in soil and animal manure. The fungus was first described scientifically in 1834 by the French mycologist John Baptiste Henri Joseph Desmazires."
"Aspergillus terreus","Fungi","Aspergillus terreus, also known as Aspergillus terrestris, is a fungus (mold) found worldwide in soil. Although thought to be strictly asexual until recently, A. terreus is now known to be capable of sexual reproduction. This saprotrophic fungus is prevalent in warmer climates such as tropical and subtropical regions. Aside from being located in soil, A. terreus has also been found in habitats such as decomposing vegetation and dust. A. terreus is commonly used in industry to produce important organic acids, such as itaconic acid and cis-aconitic acid, as well as enzymes, like xylanase. It was also the initial source for the drug mevinolin (lovastatin), a drug for lowering serum cholesterol."
"Acinetobacter faecalis","unknown","No Wikipedia description available for Acinetobacter faecalis"
"Aspergillus ustus","Fungi","Aspergillus ustus is a microfungus and member of the division Ascomycota. It is commonly found in indoor environments and soil. Isolated cases of human infection resulting from A. ustus have been described; however the majority of these are nail infections."
"Acinetobacter bohemicus","Gram-negative","Acinetobacter bohemicus is a bacterium from the genus Acinetobacter which has been isolated from soil and water ecosystems in the Czech Republic."
"Acinetobacter johnsonii","Gram-negative","Acinetobacter calcoaceticus is a bacterial species of the genus Acinetobacter. It is a nonmotile, Gram-negative coccobacillus. It grows under aerobic conditions, is catalase positive and oxidase negative. A. calcoaceticus is a part of the A. calcoaceticus-A. baumannii complex together with Acinetobacter baumannii, Acinetobacter nosocomialis, Acinetobacter pitti and Acinetobacter seifertii."
"Acinetobacter junii","Gram-negative","Acinetobacter junii is a species of bacteria. Its type strain is ATCC 17908. It can be pathogenic. This bacterium has been linked to nosocomial infections including catheter-related blood stream infections and cellulitis."
"Bacillus amyloliquefaciens","Gram-positive","Bacillus amyloliquefaciens is a species of bacterium in the genus Bacillus that is the source of the BamHI restriction enzyme. It also synthesizes a natural antibiotic protein barnase, a widely studied ribonuclease that forms a famously tight complex with its intracellular inhibitor barstar, and plantazolicin, an antibiotic with selective activity against Bacillus anthracis."
"Aspergillus oryzae","Fungi","Aspergillus oryzae, also known as kji mold , is a mold used in East Asia to saccharify rice, sweet potato, and barley in the making of alcoholic beverages such as sake and shch, and also to ferment soybeans for making soy sauce and miso. It is one of the different koji molds used for food fermentation."
"Bacillus luti","Gram-positive","No Wikipedia description available for Bacillus luti"
"Burkholderia cepacia","Gram-negative","Burkholderia cepacia complex (BCC) is a species complex consisting of Burkholderia cepacia and at least 20 different biochemically similar species of Gram-negative bacteria. They are catalase-producing and lactose-nonfermenting. Members of BCC are opportunistic human pathogens that most often cause pneumonia in immunocompromised individuals with underlying lung disease. Patients with sickle-cell haemoglobinopathies are also at risk. The species complex also attacks young onion and tobacco plants, and displays a remarkable ability to digest oil."
"Bacillus licheniformis","Gram-positive","Bacillus licheniformis is a bacterium commonly found in the soil. It is found on bird feathers, especially chest and back plumage, and most often in ground-dwelling birds and aquatic species."
"Aspergillus nidulans","Fungi","Aspergillus nidulans is one of many species of filamentous fungi in the phylum Ascomycota. It has been an important research organism for studying eukaryotic cell biology for over 50 years,"
"Bacillus mycoides","Gram-positive","Bacillus mycoides is a bacterium of the genus Bacillus. Like other Bacillus species, B. mycoides is Gram positive, rod-shaped, and forms spores. B. mycoides is distinguished from other Bacillus species by its unusual growth on agar plates, where it forms expansive hairy colonies with characteristic swirls."
"Candida parapsilosis","Fungi","Candida parapsilosis is a fungal species of yeast that has become a significant cause of sepsis and of wound and tissue infections in immunocompromised people. Unlike Candida albicans and Candida tropicalis, C. parapsilosis is not an obligate human pathogen, having been isolated from nonhuman sources such as domestic animals, insects and soil. C. parapsilosis is also a normal human commensal and it is one of the fungi most frequently isolated from human hands. There are several risk factors that can contribute to C. parapsilosis colonization. Immunocompromised individuals and surgical patients, particularly those undergoing surgery of the gastrointestinal tract, are at high risk for infection with C. parapsilosis. There is currently no consensus on the treatment of invasive candidiasis caused by C. parapsilosis, although the therapeutic approach typically includes the removal of foreign bodies such as implanted prostheses and the administration of systemic antifungal therapy. amphotericin B and fluconazole are often used in the treatment of C. parapsilosis infection."
"Cryptococcus gattii","Fungi","Cryptococcus gattii, formerly known as Cryptococcus neoformans var. gattii, is an encapsulated yeast fungus found primarily in tropical and subtropical climates. Its teleomorph is Filobasidiella bacillispora, a filamentous fungus belonging to the class Tremellomycetes."
"Bacillus magaterium","unknown","No Wikipedia description available for Bacillus magaterium"
"Bacillus velezensis","Gram-positive","No Wikipedia description available for Bacillus velezensis"
"Bacillus pumilus","Gram-positive","Bacillus pumilus is a Gram-positive, aerobic, spore-forming bacillus commonly found in soil."
"Fusarium avenaceum","Fungi","Gibberella avenacea is a fungus that infects plants."
"Bacillus thuringiensis","Gram-positive","Bacillus thuringiensis is a gram-positive, soil-dwelling bacterium, and is the most commonly used biological pesticide worldwide. B. thuringiensis also occurs naturally in the gut of caterpillars of various types of moths and butterflies, as well as on leaf surfaces, aquatic environments, animal feces, insect-rich environments, flour mills and grain-storage facilities. It has also been observed to parasitize moths such as Cadra calidellain laboratory experiments working with C. calidella, many of the moths were diseased due to this parasite."
"Enterococcus durans","Gram-positive","Enterococcus durans is a species of Enterococcus. It is a gram-positive, catalase- and oxidase-negative, coccus bacterium. The organism is also a facultative anaerobic organism. Prior to 1984, it was known as Streptococcus durans."
"Fusarium graminearum","Fungi","Gibberella zeae, also known by the name of its anamorph Fusarium graminearum, is a fungal plant pathogen which causes fusarium head blight (FHB), a devastating disease on wheat and barley. The pathogen is responsible for billions of dollars in economic losses worldwide each year. Infection causes shifts in the amino acid composition of wheat, resulting in shriveled kernels and contaminating the remaining grain with mycotoxins, mainly deoxynivalenol (DON), which inhibits protein biosynthesis; and zearalenone, an estrogenic mycotoxin. These toxins cause vomiting, liver damage, and reproductive defects in livestock, and are harmful to humans through contaminated food. Despite great efforts to find resistance genes against F. graminearum, no completely resistant variety is currently available. Research on the biology of F. graminearum is directed towards gaining insight into more details about the infection process and reveal weak spots in the life cycle of this pathogen to develop fungicides that can protect wheat from scab infection."
"Fusarium culmorum","Fungi","Fusarium culmorum is a fungal plant pathogen and the causal agent of seedling blight, foot rot, ear blight, stalk rot, common root rot and other diseases of cereals, grasses, and a wide variety of monocots and dicots. In coastal dunegrass, F. culmorum is a nonpathogenic symbiont conferring both salt and drought tolerance to the plant."
"Fusarium subglutinans","Fungi","Fusarium subglutinans is a fungal plant pathogen."
"Fusarium verticillioides","Fungi","Fusarium verticillioides is the most commonly reported fungal species infecting maize. Fusarium verticillioides is the accepted name of the species, which was also known as Fusarium moniliforme. The species has also been described as mating population A of the Fusarium fujikuroi species complex. F. verticllioides produces the mutagenic chemical compound fusarin C. F. verticillioides produces a group of disease-causing mycotoxinsfumonisinson infected kernels."
"Burkholderia mallei","unknown","Burkholderia mallei is a Gram-negative, bipolar or variable Gram staining,, aerobic bacterium, a human and animal pathogen of genus Burkholderia causing glanders; the Latin name of this disease (malleus) gave its name to the species causing it. It is closely related to B. pseudomallei, and by multilocus sequence typing it is a subspecies of B. pseudomallei. B. mallei evolved from B. pseudomallei by selective reduction and deletions from the B. pseudomallei genome. Unlike B. pseudomallei and other genus members, B. mallei is nonmotile; its shape is coccobacillary measuring some 1.53.0 m in length and 0.51.0 m in diameter with rounded ends."
"Enterococcus plantarum","Gram-positive","No Wikipedia description available for Enterococcus plantarum"
"Enterococcus hirae","Gram-positive","Enterococcus hirae is a species of Enterococcus. Its type strain is NCDO 1258. It is involved in growth depression in young chickens and endocarditis and sepsis in humans."
"Enterococcus mundtii","Gram-positive","Enterococcus mundtii is a species of Enterococcus. Its genome has been sequenced. The type strain is NCDO 2375."
"Klebsiella aerogenes","Gram-negative","Klebsiella aerogenes, previously known as Enterobacter aerogenes, is a Gram-negative, oxidase-negative, catalase-positive, citrate-positive, indole-negative, rod-shaped bacterium. Capable of motility via peritrichous flagella, it is approximately one to three microns in length. The bacterium is found in the normal flora of the human gastrointestinal tract."
"Listeria fleischmannii","Gram-positive","Listeria fleischmannii is a species of bacteria. It is a Gram-positive, facultatively anaerobic, non-motile, non-spore-forming bacillus. It is non-pathogenic and non-hemolytic. The species was first isolated in 2006 in Switzerland from hard cheese. The species is named after Wilhelm Fleischmann, a pioneer in the research of dairy products."
"Lactobacillus gallinarum","Gram-positive","Lactobacillus gallinarum is a species in the genus Lactobacillus. Its type strain is ATCC 33199."
"Fusarium proliferatum","Fungi","Fusarium proliferatum is a fungal plant pathogen infecting crops and also can affect humans as well."
"Lactobacillus delbrueckii","Gram-positive","Lactobacillus delbrueckii is a species of bacteria in the family Lactobacillaceae. It is part of the microbiota of the lower reproductive tract of women."
"Lactobacillus acidophilus","Gram-positive","Lactobacillus acidophilus is a rod-shaped, Gram-positive, homofermentative, anaerobic microbe first isolated from infant feces in the year 1900. The species is commonly found in humans, specifically the gastrointestinal tract and oral cavity as well as some speciality fermented foods such as fermented milk or yogurt, though it is not the most common species for this. The species most readily grows at low pH levels, and has an optimum growth temperature of 37 C. Certain strains of L. acidophilus show strong probiotic effects, and are commercially used in dairy production. The genome of L. acidophilus has been sequenced."
"Listeria grayi","Gram-positive","Listeria grayi is a species of bacteria. It is a Gram-positive, facultatively anaerobic, motile, non-spore-forming bacteria. It is non-hemolytic and its colonies are rod-shaped. The species was first proposed in 1966. It is named after M.L. Gray, an early researcher in L. monocytogenes There are two subspecies of L. grayi: L. gray subs. grayi, and L. grayi subsp. murrayi."
"Lactobacillus helveticus","Gram-positive","Lactobacillus helveticus is a gram-positive, lactic-acid producing, rod-shaped bacterium of the genus Lactobacillus. It is most commonly used in the production of American Swiss cheese and Emmental cheese, but is also sometimes used in making other styles of cheese, such as Cheddar, Parmesan, Romano, provolone, and mozzarella. The primary function of L. helveticus culture is to prevent bitterness and produce nutty flavors in the final cheese. In Emmental cheese production, L. helveticus is used in conjunction with a Propionibacterium culture, which is responsible for developing the holes through production of carbon dioxide gas."
"Pseudomonas haemolytica","unknown","No Wikipedia description available for Pseudomonas haemolytica"
"Listeria seeligeri","Gram-positive","Listeria seeligeri is a Gram-positive, facultatively anaerobic, motile, nonspore-forming, bacillus-shaped species of bacteria. It is not pathogenic. The species was first isolated from plants, soil, and animal feces in Europe, was first proposed in 1983, and is named after Heinz P. R. Seeliger. Seeliger first proposed the species L. ivanovii and L. innocua, and published extensively on members of the genus Listeria."
"Listeria innocua","Gram-positive","Listeria innocua is a species of Gram-positive, rod-shaped bacteria. It is motile, facultatively anaerobic, and non-spore-forming. L. innocua was named innocua (innocuous) because, in contrast to Listeria monocytogenes, it does not readily cause disease in mammals. Another Listeria species, L. seeligeri, was named after one of the discoverers of L. innocua."
"Pichia membranifaciens","Fungi","Pichia membranifaciens is a species of yeast."
"Pseudomonas plecoglossicida","Gram-negative","Pseudomonas plecoglossicida is a fluorescent, Gram-negative, rod-shaped, motile bacterium that causes hemorrhagic ascites in the ayu fish, from which it derives its name. Based on 16S rRNA analysis, P. plecoglossicida has been placed in the P. putida group."
"Pseudomonas alginovora","Gram-negative","No Wikipedia description available for Pseudomonas alginovora"
"Streptococcus alactolyticus","Gram-positive","Streptococcus alactolyticus is a species of Gram-positive, facultatively anaerobic cocci that forms chains and belongs to the Streptococcus bovis/equinus complex (SBSEC). It was proposed as a novel species in 1984 when lactose-negative porcine intestinal isolates previously assigned to biotype II of Streptococcus bovis were shown by DNADNA hybridization and phenotypic traits to constitute a distinct taxon."
"Pseudomonas syringae","Gram-negative","Pseudomonas syringae is a rod-shaped, Gram-negative bacterium with polar flagella. As a plant pathogen, it can infect a wide range of species, and exists as over 50 different pathovars, all of which are available to researchers from international culture collections such as the NCPPB, ICMP, and others."
"Streptococcus agalactiae","Gram-positive","Streptococcus agalactiae is a gram-positive coccus with a tendency to form chains. It is a beta-hemolytic, catalase-negative, and facultative anaerobe."
"Staphylococcus carnosus","Gram-positive","Staphylococcus carnosus is a bacterium from the genus Staphylococcus that is both Gram-positive and coagulase-negative. It was originally identified in dry sausage and is an important starter culture for meat fermentation. Unlike other members of its genus, such as Staphylococcus aureus and Staphylococcus epidermidis, S. carnosus is nonpathogenic and safely used in the food industry."
"Staphylococcus capitis","Gram-positive","Staphylococcus capitis is a coagulase-negative species (CoNS) of Staphylococcus. It is part of the normal flora of the skin of the human scalp, face, neck, scrotum, and ears and has been associated with prosthetic valve endocarditis, but is rarely associated with native valve infection."
"Staphylococcus auricularis","Gram-positive","Staphylococcus auricularis is a Gram-positive member of the bacterial genus Staphylococcus consisting of pairs or tetrads of cocci. This species was originally isolated from the exterior of a human ear and is weakly hemolytic. Because it commonly exists on human skin, it may be able to cause opportunistic infections or sepsis, although this is very rare."
"Streptococcus constellatus","Gram-positive","Streptococcus constellatus is a species of Streptococcus bacteria that is part of the normal flora in the oral cavity, urogenital region, and intestinal tract. However, it can frequently cause purulent infections in other parts of the body. DNA homology studies and 16S rRNA sequence analysis demonstrate S. constellatus belongs to the Streptococcus anginosus group along with Streptococcus intermedius and Streptococcus anginosus."
"Streptococcus anginosus","Gram-positive","Streptococcus anginosus is a species of Streptococcus. This species, Streptococcus intermedius, and Streptococcus constellatus constitute the anginosus group, which is sometimes also referred to as the milleri group after the previously assumed but later refuted idea of a single species Streptococcus milleri. Phylogenetic relatedness of S. anginosus, S. constellatus, and S. intermedius has been confirmed by rRNA sequence analysis."
"Staphylococcus delphini","Gram-positive","Staphylococcus delphini is a Gram-positive, coagulase-positive member of the bacterial genus Staphylococcus consisting of single, paired, and clustered cocci. Strains of this species were originally isolated from aquarium-raised dolphins suffering from skin lesions."
"Streptococcus equi","Gram-positive","Strangles is a contagious upper respiratory tract infection of horses and other equines caused by a Gram-positive bacterium, Streptococcus equi. As a result, the lymph nodes swell, compressing the pharynx, larynx, and trachea, and can cause airway obstruction leading to death, hence the name strangles. Strangles is enzootic in domesticated horses worldwide. The contagious nature of the infection has at times led to limitations on sporting events."
"Staphylococcus faecalis","unknown","No Wikipedia description available for Staphylococcus faecalis"
"Staphylococcus gallinarum","Gram-positive","Staphylococcus gallinarum is a Gram-positive, coagulase-negative member of the bacterial genus Staphylococcus consisting of single, paired, and clustered cocci. Strains of this species were first isolated from chickens and a pheasant. The cells contain cell walls with chemical similarity to those of Staphylococcus epidermidis. Since its initial discovery, S. gallinarum has also been found in the saliva of healthy human adults."
"Streptococcus gallolyticus","Gram-positive","No Wikipedia description available for Streptococcus gallolyticus"
"Streptococcus hyointestinalis","Gram-positive","No Wikipedia description available for Streptococcus hyointestinalis"
"Staphylococcus hyicus","Gram-positive","Staphylococcus hyicus is a Gram-positive, facultatively anaerobic bacterium in the genus Staphylococcus. It consists of clustered cocci and forms white circular colonies when grown on blood agar. S. hyicus is a known animal pathogen. It causes disease in poultry, cattle, horses, and pigs. Most notably, it is the agent that causes porcine exudative epidermitis, also known as greasy pig disease, in piglets. S. hyicus is generally considered to not be zoonotic, however it has been shown to be able to cause bacteremia and sepsis in humans."
"Staphylococcus hominis","Gram-positive","Staphylococcus hominis is a coagulase-negative member of the bacterial genus Staphylococcus, consisting of Gram-positive, spherical cells in clusters. It occurs very commonly as a generally harmless commensal on human and animal skin and is known for producing thioalcohol compounds that contribute to body odour. Like many other coagulase-negative staphylococci, S. hominis may occasionally cause infection in patients whose immune systems are compromised, for example by chemotherapy or predisposing illness."
"Streptococcus infantis","Gram-positive","No Wikipedia description available for Streptococcus infantis"
"Streptococcus iniae","Gram-positive","Streptococcus iniae is a species of Gram-positive, sphere-shaped bacterium belonging to the genus Streptococcus. Since its isolation from an Amazon freshwater dolphin in the 1970s, S. iniae has emerged as a leading fish pathogen in aquaculture operations worldwide, resulting in over US$100M in annual losses. Since its discovery, S. iniae infections have been reported in at least 27 species of cultured or wild fish from around the world. Freshwater and saltwater fish including tilapia, red drum, hybrid striped bass, and rainbow trout are among those susceptible to infection by S. iniae. Infections in fish manifest as meningoencephalitis, skin lesions, and septicemia."
"Staphylococcus intermedius","Gram-positive","Staphylococcus intermedius is a Gram-positive, catalase positive member of the bacterial genus Staphylococcus consisting of clustered cocci. Strains of this species were originally isolated from the anterior nares of pigeons, dogs, cats, mink, and horses. Many of the isolated strains show coagulase activity. Clinical tests for detection of methicillin-resistant S. aureus may produce false positives by detecting S. intermedius, as this species shares some phenotypic traits with methicillin-resistant S. aureus strains. It has been theorized that S. intermedius has previously been misidentified as S. aureus in human dog bite wound infections, which is why molecular technologies such as MALDI-TOF and PCR are preferred in modern veterinary clinical microbiology laboratories for their more accurate identifications over biochemical tests. S. intermedius is largely phenotypically indiscriminate from Staphylococcus pseudintermedius and Staphylococcus delphini, and therefore the three organisms are considered to be included in the more general 'Staphylococcus intermedius group'."
"Streptococcus dysgalactiae","Gram-positive","Streptococcus dysgalactiae is a gram positive, beta-haemolytic, coccal bacterium belonging to the family Streptococcaceae. It is capable of infecting both humans and animals, but is most frequently encountered as a commensal of the alimentary tract, genital tract, or less commonly, as a part of the skin flora. The clinical manifestations in human disease range from superficial skin-infections and tonsillitis, to severe necrotising fasciitis and bacteraemia. The incidence of invasive disease has been reported to be rising. Several different animal species are susceptible to infection by S. dysgalactiae, but bovine mastitis and infectious arthritis in lambs have been most frequently reported."
"Streptococcus lutetiensis","Gram-positive","No Wikipedia description available for Streptococcus lutetiensis"
"Streptococcus equinus","Gram-positive","Streptococcus equinus is a Gram-positive, nonhemolytic, nonpathogenic, lactic acid bacterium of the genus Streptococcus. It is the principal Streptococcus found in the alimentary canal of a horse, and makes up the majority of the bacterial flora in horse feces. Equivalence with Streptococcus bovis has been contested."
"Streptococcus mitis","Gram-positive","Streptococcus mitis is a species of Gram-positive, mesophilic, alpha-hemolytic bacteria in the genus Streptococcus, belonging to the viridans streptococci group. These bacteria are facultative anaerobes, and made up of non-motile and non-sporing cocci that are catalase negative. It is a commensal and commonly inhabits the human mouth, throat, and upper respiratory tract, as part of the oral microbiota. They are clinically important for humans, as under certain conditions, it can cause opportunistic infections, such as infective endocarditis."
"Stenotrophomonas sp.","unknown","No Wikipedia description available for Stenotrophomonas sp."
"Staphylococcus pseudintermedius","Gram-positive","Staphylococcus pseudintermedius is a gram-positive spherically shaped bacterium of the genus Staphylococcus found worldwide. It is primarily a pathogen for domestic animals, but has been known to affect humans as well. S. pseudintermedius is an opportunistic pathogen that secretes immune-modulating virulence factors, has many adhesion factors, and the potential to create biofilms, all of which help to determine the pathogenicity of the bacterium. Diagnoses of S. pseudintermedius have traditionally been made using cytology, plating, and biochemical tests. More recently, molecular technologies like MALDI-TOF, DNA hybridization and PCR have become preferred over biochemical tests for their more rapid and accurate identifications. This includes the identification and diagnosis of antibiotic resistant strains."
"Staphylococcus simulans","Gram-negative","Staphylococcus simulans is a Gram-positive, coagulase-negative member of the bacterial genus Staphylococcus consisting of single, paired, and clustered cocci."
"Streptococcus pyogenes","Gram-positive","Streptococcus pyogenes is a species of Gram-positive, aerotolerant bacteria in the genus Streptococcus. These bacteria are extracellular, and made up of non-motile and non-sporing cocci that tend to link in chains. They are clinically important for humans, as they are an infrequent, but usually pathogenic, part of the skin microbiota that can cause group A streptococcal infection. S. pyogenes is the predominant species harboring the Lancefield group A antigen, and is often called group A Streptococcus (GAS). The name group A (beta-hemolytic) Streptococcus is thus also used."
"Streptococcus sciuri","unknown","No Wikipedia description available for Streptococcus sciuri"
"Streptococcus suis","Gram-positive","Streptococcus suis is a peanut-shaped, Gram-positive bacterium, and an important pathogen of pigs. Endemic in nearly all countries with an extensive pig industry, S. suis is also a zoonotic disease, capable of transmission to humans from pigs. In 2023, it was first reported from fish, isolated during a lethal outbreak in farmed snakeskin gourami."
"Aureobasidium pullulans","Fungi","Aureobasidium pullulans is a ubiquitous and generalistic black, yeast-like fungus that can be found in different environments. It is well known as a naturally occurring epiphyte or endophyte of a wide range of plant species without causing any symptoms of disease. A. pullulans has a high importance in biotechnology for the production of different enzymes, siderophores and pullulan. Furthermore, A. pullulans is used in biological control of plant diseases, especially storage diseases."
"Streptococcus uberis","Gram-positive","Streptococcus uberis is a species of Streptococcus. It is one of the most common causes of mastitis in dairy cattle. S. uberis KJ2 is put in oral probiotics and sold, the efficacy of this is contested."
"Botrytis cinerea","Fungi","Botrytis cinerea is a necrotrophic fungus that affects many plant species, including wine grapes. In viticulture, it is commonly known as ""botrytis bunch rot""; in horticulture, it is usually called ""grey mould"" or ""gray mold""."
"Batrachochytrium dendrobatidis","Fungi","Batrachochytrium dendrobatidis, also known as Bd or the amphibian chytrid fungus, is a fungus that causes the disease chytridiomycosis in amphibians."
"Staphylococcus warneri","Gram-positive","Staphylococcus warneri is a species of Gram-positive bacteria with spherical cells appearing in clusters and a member of the genus Staphylococcus. It is catalase-positive, oxidase-negative, and coagulase-negative, and is a common commensal organism found as part of the skin microbiota on humans and animals. Like other coagulase-negative staphylococci, S. warneri rarely causes disease, but may occasionally cause infection in patients whose immune system is compromised."
"Staphylococcus xylosus","Gram-positive","Staphylococcus xylosus is a species of bacteria belonging to the genus Staphylococcus. It is a Gram-positive bacterium that forms clusters of cells. Like most staphylococcal species, it is coagulase-negative and exists as a commensal on the skin of humans and animals and in the environment."
"Arthrobacter globiformis","Gram-positive","Arthrobacter globiformis is a gram-positive bacterium species from the genus of Arthrobacter."
"Aerococcus viridans","Gram-positive","Aerococcus viridans is a member of the bacterial genus Aerococcus. It is a causative agent of gaffkaemia, a disease of lobsters, and is used as a commercial source for lactate oxidase."
"Corynebacterium glutamicum","Gram-positive","Corynebacterium glutamicum is a Gram-positive, rod-shaped bacterium that is used industrially for large-scale production of amino acids, especially glutamic acid and lysine. While originally identified in a screen for organisms secreting L-glutamate, mutants of C. glutamicum have also been identified that produce various other amino acids and derivatives of amino acids."
"Streptococcus thermophilus","Gram-positive","Streptococcus thermophilus formerly known as Streptococcus salivarius subsp. thermophilus is a gram-positive bacterium, and a fermentative facultative anaerobe, of the viridans group. It tests negative for cytochrome, oxidase, and catalase, and positive for alpha-hemolytic activity. It is non-motile and does not form endospores. S. thermophilus is fimbriated."
"Priestia megaterium","Gram-positive","Priestia megaterium is a rod-like, Gram-positive, mainly aerobic, spore forming bacterium found in widely diverse habitats. It has a cell length up to 4 m and a diameter of 0.1 m, which is quite large for bacteria and 100 times larger than Escherichia coli. The cells often occur in pairs and chains, where the cells are joined by polysaccharides on the cell walls."
"Clostridium perfringens","Gram-positive","Clostridium perfringens was discovered in 1891 by Dr. William H. Welch. It was originally known as Bacillus aerogenes capsulatus, followed by Bacillus welchii, before the final establishment of its current name. C. perfringens is a Gram-positive, bacillus (rod-shaped), anaerobic, spore-forming pathogenic bacterium of the genus Clostridium. C. perfringens is present in nature and can be found as a normal component of decaying vegetation, marine sediment, the intestinal tract of humans and other vertebrates, insects, and soil. It has the shortest reported generation time of any organism at 6.3 minutes in thioglycolate medium."
"Enterobacter cloacae","Gram-negative","Enterobacter cloacae is a clinically significant Gram-negative, facultatively-anaerobic, rod-shaped bacterium."
"Edwardsiella tarda","Gram-negative","Edwardsiella tarda is a member of the family Hafniaceae. The bacterium is a facultatively anaerobic, small, motile, gram negative, straight rod with flagella. Infection causes Edwardsiella septicemia in channel catfish, eels, and flounder. Edwardsiella tarda is also found in largemouth bass and freshwater species such as rainbow trout. It is a zoonosis and can infect a variety of animals including fish, amphibians, reptiles, and mammals. Edwardsiella tarda has also been the cause of periodic infections for various animals within zoos. E. tarda has a worldwide distribution and can be found in pond water, mud, and the intestine of fish and other marine animals. It is spread by carrier animal feces."
"Penicillium digitatum","Fungi","Penicillium digitatum is a mesophilic fungus found in the soil of citrus-producing areas. It is a major source of post-harvest decay in fruits, and is responsible for the widespread post-harvest disease in Citrus fruit known as green rot or green mould. In nature, this necrotrophic wound pathogen grows in filaments and reproduces asexually through the production of conidiophores and conidia. P. digitatum can also be cultivated in the laboratory setting. Alongside its pathogenic life cycle, P. digitatum is also involved in other human, animal, and plant interactions, and is currently being used in the production of immunologically based mycological detection assays for the food industry."
"Penicillium italicum","Fungi","Penicillium italicum is a fungal plant pathogen. It is a common post-harvest disease commonly associated with citrus fruits."
"Vibrio anguillarum","Gram-negative","Vibrio anguillarum is a species of prokaryote that belongs to the family Vibrionaceae, genus Vibrio. V. anguillarum is typically 0.5 - 1 m in diameter and 1 - 3 m in length. It is a gram-negative, comma-shaped rod bacterium that is commonly found in seawater and brackish waters. It is polarly flagellated, non-spore-forming, halophilic, and facultatively anaerobic. V. anguillarum has the ability to form biofilms. V. anguillarum is pathogenic to various fish species, crustaceans, and mollusks."
"Micrococcus luteus","Gram-positive","Micrococcus luteus is a Gram-positive to Gram-variable, nonmotile, tetrad-arranging, pigmented, saprotrophic coccus bacterium in the family Micrococcaceae. It is urease and catalase positive. An obligate aerobe, M. luteus is found in soil, dust, water and air, and as part of the normal microbiota of the mammalian skin. The bacterium also colonizes the human mouth, mucosae, oropharynx and upper respiratory tract."
"Lactococcus lactis","Gram-positive","Lactococcus lactis is a gram-positive bacterium used extensively in the production of buttermilk and cheese, but has also become famous as the first genetically modified organism to be used alive for the treatment of human disease. L. lactis cells are cocci that group in pairs and short chains, and, depending on growth conditions, appear ovoid with a typical length of 0.5 - 1.5 m. L. lactis does not produce spores (nonsporulating) and are not motile (nonmotile). They have a homofermentative metabolism, meaning they produce lactic acid from sugars. They've also been reported to produce exclusive L-(+)-lactic acid. However, reported D-()-lactic acid can be produced when cultured at low pH. The capability to produce lactic acid is one of the reasons why L. lactis is one of the most important microorganisms in the dairy industry. Based on its history in food fermentation, L. lactis has generally recognized as safe (GRAS) status, with few case reports of it being an opportunistic pathogen."
"Saccharomyces cerevisiae","Fungi","Saccharomyces cerevisiae, also called brewer's yeast or baker's yeast, is a species of yeast. The species has been instrumental in winemaking, baking, and brewing since ancient times. It is believed to have been originally isolated from the skin of grapes. It is one of the most intensively studied eukaryotic model organisms in molecular and cell biology, much like Escherichia coli as the model bacterium. It is the microorganism which causes many common types of fermentation. S. cerevisiae cells are round to ovoid, 510 m in diameter. It reproduces by budding."
"Nocardia asteroides","Gram-positive","Nocardia asteroides is a species of Nocardia. It can cause nocardiosis, a severe pulmonary infection in immunocompromised hosts."
"Proteus mirabilis","Gram-negative","Proteus mirabilis is a Gram-negative, facultatively anaerobic, rod-shaped, nitrate-reducing, indole-negative bacterium. It shows swarming motility and urease activity. P. mirabilis causes 90% of all Proteus infections in humans. It is widely distributed in soil and water. Proteus mirabilis can migrate across the surface of solid media or devices using a type of cooperative group motility called swarming. Proteus mirabilis is most frequently associated with infections of the urinary tract, especially in complicated or catheter-associated urinary tract infections."
"Pasteurella multocida","Gram-negative","Pasteurella multocida is a Gram-negative, nonmotile, penicillin-sensitive coccobacillus from the family Pasteurellaceae. Strains of the species are currently classified into five serogroups based on capsular composition and 16 somatic serovars (116). P. multocida is the cause of a range of diseases in mammals and birds, including fowl cholera in poultry, atrophic rhinitis in pigs, and bovine hemorrhagic septicemia in cattle and buffalo. It can also cause a zoonotic infection in humans, which typically is a result of bites or scratches from domestic pets. Many mammals and birds harbor it as part of their normal respiratory microbiota."
"Proteus vulgaris","Gram-negative","Proteus vulgaris is a rod-shaped, nitrate-reducing, indole-positive and catalase-positive, hydrogen sulfide-producing, Gram-negative bacterium that inhabits the intestinal tracts of humans and animals. It can be found in soil, water, and fecal matter. It is grouped with the Morganellaceae and is an opportunistic pathogen of humans. It is known to cause wound infections and other species of its genera are known to cause urinary tract infections."
"Penicillium expansum","Fungi","Penicillium expansum is a psychrophilic blue mold that is common throughout the world in soil. It causes Blue Mold of apples, one of the most prevalent and economically damaging post-harvest diseases of apples."
"Shigella dysenteriae","Gram-negative","Shigella dysenteriae is a species of the rod-shaped bacterial genus Shigella. Shigella species can cause shigellosis. Shigellae are Gram-negative, non-spore-forming, facultatively anaerobic, nonmotile bacteria. S. dysenteriae has the ability to invade and replicate in various species of epithelial cells and enterocytes."
"Sphingobacterium lactis","Gram-negative","Sphingobacterium lactis is a Gram-negative and rod-shaped bacterium from the genus Sphingobacterium which has been isolated from raw milk in Bavaria in Germany."
"Serratia marcescens","Gram-negative","Serratia marcescens is a species of rod-shaped, Gram-negative bacteria in the family Yersiniaceae. It is a facultative anaerobe and an opportunistic pathogen in humans. It was discovered in 1819 by Bartolomeo Bizio in Padua, Italy. S. marcescens is commonly involved in hospital-acquired infections (HAIs), also called nosocomial infections, particularly catheter-associated bacteremia, urinary tract infections, and wound infections, and is responsible for 1.4% of HAI cases in the United States. It is commonly found in the respiratory and urinary tracts of hospitalized adults and in the gastrointestinal systems of children. S. marcescens is a major cause of contact lens associated keratitis."
"Shigella sonnei","Gram-negative","Shigella sonnei is a species of Shigella. Together with Shigella flexneri, it is responsible for 90% of shigellosis cases. Shigella sonnei is named for the Danish bacteriologist Carl Olaf Sonne. It is a Gram-negative, rod-shaped, nonmotile, non-spore-forming bacterium."
"Vibrio alginolyticus","Gram-negative","Vibrio alginolyticus is a Gram-negative marine bacterium. It is medically important since it causes otitis and wound infection. It is also present in the bodies of animals such as pufferfish, where it is responsible for the production of the potent neurotoxin, tetrodotoxin."
"Trichophyton rubrum","Fungi","Trichophyton rubrum is a dermatophytic fungus in the phylum Ascomycota. It is an exclusively clonal, anthropophilic saprotroph that colonizes the upper layers of dead skin, and is the most common cause of athlete's foot, fungal infection of nail, jock itch, and ringworm worldwide. Trichophyton rubrum was first described by Malmsten in 1845 and is currently considered to be a complex of species that comprises multiple, geographically patterned morphotypes, several of which have been formally described as distinct taxa, including T. raubitschekii, T. gourvilii, T. megninii and T. soudanense."
"Candida boidinii","Fungi","A yeast expression platform is a strain of yeast used to produce large amounts of proteins, sugars or other compounds for research or industrial uses. While yeast are often more resource-intensive to maintain than bacteria, certain products can only be produced by eukaryotic cells like yeast, necessitating use of a yeast expression platform. Yeasts differ in productivity and with respect to their capabilities to secrete, process and modify proteins. As such, different types of yeast are better suited for different research and industrial applications."
"Fusarium cerealis","Fungi","No Wikipedia description available for Fusarium cerealis"
"Fusarium oxysporum","Fungi","Fusarium oxysporum, an ascomycete fungus, comprises all the species, varieties and forms recognized by Wollenweber and Reinking within an infrageneric grouping called section Elegans. It is part of the family Nectriaceae."
"Vibrio harveyi","Gram-negative","Vibrio harveyi is a Gram-negative, bioluminescent, marine bacterium in the genus Vibrio that was first discovered by Johnson and Shunk in their 1963 publication ""An interesting new species of luminous bacteria"". V. harveyi is rod-shaped, motile, facultatively anaerobic, halophilic, and competent for both fermentative and respiratory metabolism. It is typically found in aquatic ecosystems  particularly in warmer tropical waters  as a free-living bacterium. However, V. harveyi can also live commensally with other marine life, form biofilms on marine surfaces, and act as a pathogen in organisms like coral and oysters. This bacterium is tolerant to fluxes in environmental conditions, a characteristic attributed to its rapid adaptation caused by mutations and Horizontal Gene Transfer. This tolerance allows V. harveyi to thrive in environments affected by climate change."
"Vibrio vulnificus","Gram-negative","Vibrio vulnificus is a species of Gram-negative, motile, curved rod-shaped (vibrio), pathogenic bacteria of the genus Vibrio. Present in marine environments such as estuaries, brackish ponds, or coastal areas, V. vulnificus is related to V. cholerae, the causative agent of cholera. At least one strain of V. vulnificus is bioluminescent. Increasing seasonal ocean temperatures and low-salt marine environments like estuaries favor a greater concentration of Vibrio within filter-feeding shellfish; V. vulnificus infections in the Eastern United States have increased eightfold from 19882018."
"Aureobasidium sp.","Fungi","No Wikipedia description available for Aureobasidium sp."
"Rhodococcus rhodochrous","Gram-positive","Rhodococcus rhodochrous is a bacterium used as a soil inoculant in agriculture and horticulture."
"Lactococcus garvieae","Gram-positive","Lactococcus garvieae is a known fish pathogen affecting saltwater fish in the Far East, specifically in rainbow trout, Japanese yellowtail, cobia and grey mullet. This bacteria causes lesions in the vascular endothelium, leading to hemorrhages and petechias at the surface of internal organs. As few as 10 bacterial cells per fish can cause an infection. L. garvieae is isolated in saltwater fish in the Far East and specifically in European rainbow trout."
"Alternaria longipes","Fungi","No Wikipedia description available for Alternaria longipes"
"Ascochyta rabiei","Fungi","Didymella rabiei, commonly called chickpea ascochyta blight fungus, is a fungal plant pathogen of chickpea. Didymella rabiei is the teleomorph of Ascochyta rabiei, which is the anamorph, but both names refer to the same species. It is typically aneuploid with 12-16 chromosomes."
"Aeromonas salmonicida","Gram-negative","Aeromonas salmonicida is a pathogenic bacterium that severely impacts salmonid populations and other species. It was first discovered in a Bavarian brown trout hatchery by Emmerich and Weibel in 1894. Aeromonas salmonicida's ability to infect a variety of hosts, multiply, and adapt, make it a prime virulent bacterium. A. salmonicida is an etiological agent for furunculosis, a disease that causes sepsis, haemorrhages, muscle lesions, inflammation of the lower intestine, spleen enlargement, and death in freshwater fish populations. It is found worldwide with the exception of South America. The major route of contamination is poor water quality; however, it can also be associated stress factors such as overcrowding, high temperatures, and trauma. Spawning and smolting fish are prime victims of furunculosis due to their immunocompromised state of being."
"Streptococcus pneumoniae","Gram-positive","Streptococcus pneumoniae, or pneumococcus, is a Gram-positive, spherical bacteria, alpha-hemolytic member of the genus Streptococcus. S. pneumoniae cells are usually found in pairs (diplococci) and do not form spores and are non motile. As a significant human pathogenic bacterium S. pneumoniae was recognized as a major cause of pneumonia in the late 19th century, and is the subject of many humoral immunity studies."
"Aeromonas caviae","Gram-negative","Aeromonas caviae is a Gram-negative bacterium of the genus Aeromonas isolated from epizootic guinea pigs."
"Aeromonas hydrophila","Gram-negative","Aeromonas hydrophila is a heterotrophic, Gram-negative, rod-shaped bacterium mainly found in areas with a warm climate. This bacterium can be found in fresh or brackish water. It can survive in aerobic and anaerobic environments, and can digest materials such as gelatin and hemoglobin. A. hydrophila was isolated from humans and animals in the 1950s. It is the best known of the species of Aeromonas. It is resistant to most common antibiotics and cold temperatures and is oxidase- and indole-positive. Aeromonas hydrophila also has a symbiotic relationship as gut flora inside of certain leeches, such as Hirudo medicinalis."
"Bacteroides fragilis","Gram-negative","Bacteroides fragilis is an anaerobic, Gram-negative, pleomorphic to rod-shaped bacterium. It is part of the normal microbiota of the human colon and is generally commensal, but can cause infection if displaced into the bloodstream or surrounding tissue following surgery, disease, or trauma."
"Cercospora beticola","Fungi","Cercospora beticola is a fungal plant pathogen which typically infects plants of the genus Beta, within the family of Chenopodiaceae. It is the cause of Cercospora leaf spot disease in sugar beets, spinach and swiss chard. Of these hosts, Cercospora leaf spot is the most economically impactful in sugar beets. Cercospora beticola is a deuteromycete fungus that reproduces using conidia. There is no teleomorph stage. C. beticola is a hemibiotrophic fungus that uses phytotoxins specifically Cercospora beticola toxin (CBT) to kill infected plants. CBT causes the leaf spot symptom and prevents root formation. Yield losses from Cercospora leaf spot are around 20 percent."
"Chaetomium globosum","Fungi","Chaetomium globosum is a well-known mesophilic member of the mold family Chaetomiaceae. It is a saprophytic fungus that primarily resides on plants, soil, straw, and dung. Endophytic C. globosum assists in cellulose decomposition of plant cells. They are found in habitats ranging from forest plants to mountain soils across various biomes. C. globosum colonies can also be found indoors and on wooden products."
"Bifidobacterium adolescentis","Gram-positive","Bifidobacterium adolescentis is an anaerobic species of bacteria found in the gastrointestinal tracts of humans and other primates. It is one of the most abundant and prevalent Bifidobacterium species detected in human populations, especially in adults."
"Cladosporium sphaerospermum","Fungi","Cladosporium sphaerospermum is a radiotrophic fungus belonging to the genus Cladosporium and was described in 1886 by Albert Julius Otto Penzig from the decaying leaves and branches of Citrus. It is a dematiaceous (darkly-pigmented) fungus characterized by slow growth and largely asexual reproduction. Cladosporium sphaerospermum consists of a complex of poorly morphologically differentiated ""cryptic"" species that share many physiological and ecological attributes. In older literature, all of these sibling species were classified as C. sphaerospermum despite their unique nature. Accordingly, there is confusion in older literature reports on the physiological and habitat regularities of C. sphaerospermum in the strict sense. This fungus is most phylogenetically similar to C. fusiforme. According to modern phylogenetic analyses, the previously synonymized species, Cladosporium langeroni, is a distinct species."
"Bacteroides thetaiotaomicron","Gram-negative","Bacteroides thetaiotaomicron is a Gram-negative, obligate anaerobic bacterium and a prominent member of the human gut microbiota, particularly within the large intestine. B. thetaiotaomicron belongs to the Bacteroides genus  a group that is known for its role in the complex microbial community of the gut microbiota. Its proteome, consisting of 4,779 members, includes a system for obtaining and breaking down dietary polysaccharides that would otherwise be difficult to digest for the human body."
"Bifidobacterium breve","Gram-positive","Bifidobacterium breve is a bacterial species of the genus Bifidobacterium which has probiotic properties. Bifidobacteria are a type of bacteria that live symbiotically in the intestines of humans. They have been used to treat a number of conditions including constipation, diarrhea, irritable bowel syndrome and even the cold and flu. Some of these uses have been backed up by scientific research, but others have not. B.breve also shows a stronger affinity for immature bowels than other species evidencing in its strong capabilities as a probiotic."
"Colletotrichum lindemuthianum","Fungi","Colletotrichum lindemuthianum is a fungus which causes anthracnose, or black spot disease, of the common bean plant. It is considered a hemibiotrophic pathogen because it spends part of its infection cycle as a biotroph, living off of the host but not harming it, and the other part as a necrotroph, killing and obtaining nutrients from the host tissues."
"Bifidobacterium catenulatum","unknown","No Wikipedia description available for Bifidobacterium catenulatum"
"Citrobacter freundii","Gram-negative","Citrobacter freundii is a species of facultative anaerobic Gram-negative bacteria of the family Enterobacteriaceae which currently consists of 13 recognized species. These bacteria have a rod shape with a typical length of 15 m. Most C. freundii cells have several flagella used for locomotion, although some non-motile taxa do not. C. freundii is a soil-dwelling microorganism, but can also be found in water, sewage, food, and the intestinal tracts of animals and humans. The genus Citrobacter was discovered in 1932 by Werkman and Gillen. Cultures of C. freundii were isolated and identified in the same year from soil extracts and canal water."
"Clavibacter michiganensis","unknown","Clavibacter michiganensis is an aerobic non-sporulating Gram-positive plant pathogenic actinomycete of the genus Clavibacter. Clavibacter michiganensis has several subspecies. Clavibacter michiganensis subsp. michiganensis causes substantial economic losses worldwide by damaging tomatoes and potatoes."
"Erwinia amylovora","unknown","Fire blight, also written fireblight, is a contagious disease affecting apples, pears, and some other members of the family Rosaceae. It is a serious concern to apple and pear producers. Under optimal conditions, it can destroy an entire orchard in a single growing season."
"Clostridium sporogenes","Gram-positive","Clostridium sporogenes is a species of Gram-positive bacteria that belongs to the genus Clostridium. Like other strains of Clostridium, it is an anaerobic, rod-shaped bacterium that produces oval, subterminal endospores and is commonly found in soil."
"Haemophilus influenzae","Gram-negative","Haemophilus influenzae is a Gram-negative, non-motile, coccobacillary, facultatively anaerobic, capnophilic pathogenic bacterium of the family Pasteurellaceae. The bacteria are mesophilic and grow best at temperatures between 35 and 37 C."
"Helicobacter pylori","Gram-negative","Helicobacter pylori, previously known as Campylobacter pylori, is a gram-negative bacterium. Its helical body is thought to have evolved to penetrate the mucous lining of the stomach, helped by its flagella, and thereby establish infection. Mutants can have a rod or curved rod shape that exhibits less virulence. While many earlier reports of an association between bacteria and the ulcers had existed, such as the works of John Lykoudis, it was only in 1983 when the bacterium was formally described for the first time in the English-language Western literature as the causal agent of gastric ulcers by Australian physician-scientists Barry Marshall and Robin Warren. In 2005, the pair was awarded the Nobel Prize in Physiology or Medicine for their discovery."
"Leuconostoc lactis","Gram-positive","Leuconostoc lactis is a species of lactic acid bacteria that performs fermentation in acidic conditions, like those found in dairy products such as cheese and yogurt, and tend to culture best at moderate temperatures around 30 C. L. lactis typically produces volatile butter-like compounds that are typically used in fermented dairy products, as well as dextran-like exopolysaccharide in sourdough."
"Neisseria cinerea","Gram-negative","Neisseria cinerea is a commensal species grouped with the Gram-negative, oxidase-positive, and catalase-positive diplococci. It was first classified as Micrococcus cinereus by Alexander von Lingelsheim in 1906. Using DNA hybridization, N. cinerea exhibits 50% similarity to Neisseria gonorrhoeae."
"Penicillium jensenii","Fungi","Penicillium jensenii is an anamorph species of the genus of Penicillium which produces citrinin, griseofulvin and fumagillin."
"Moraxella catarrhalis","Gram-negative","Moraxella catarrhalis is a fastidious, nonmotile, Gram-negative, aerobic, oxidase-positive diplococcus that can cause infections of the respiratory system, middle ear, eye, central nervous system, and joints of humans. It causes the infection of the host cell by sticking to the host cell using trimeric autotransporter adhesins."
"Pyrenophora tritici-repentis","Fungi","Pyrenophora tritici-repentis (teleomorph) and Drechslera tritici-repentis (anamorph) is a necrotrophic plant pathogen of fungal origin, phylum Ascomycota. The pathogen causes a disease originally named yellow spot but now commonly called tan spot, yellow leaf spot, yellow leaf blotch or helminthosporiosis. At least eight races of the pathogen are known to occur based on their virulence on a wheat differential set."
"Pyricularia oryzae","Fungi","Magnaporthe grisea, also known as rice blast fungus, rice rotten neck, rice seedling blight, blast of rice, oval leaf spot of graminea, pitting disease, ryegrass blast, Johnson spot, neck blast, wheat blast and Imochi (), is a plant-pathogenic fungus and model organism that causes a serious disease affecting rice. It is now known that M. grisea consists of a cryptic species complex containing at least two biological species that have clear genetic differences and do not interbreed. Complex members isolated from Digitaria have been more narrowly defined as M. grisea. The remaining members of the complex isolated from rice and a variety of other hosts have been renamed Magnaporthe oryzae, within the same M. grisea complex. Confusion on which of these two names to use for the rice blast pathogen remains, as both are now used by different authors."
"Neisseria gonorrhoeae","Gram-negative","Neisseria gonorrhoeae, also known as gonococcus (singular) or gonococci (plural), is a species of Gram-negative diplococci bacteria first isolated by Albert Neisser in 1879. An obligate human pathogen, it primarily colonizes the mucosal lining of the urogenital tract; however, it is also capable of adhering to the mucosa of the nose, pharynx, rectum, and conjunctiva. It causes the sexually transmitted genitourinary infection gonorrhea as well as other forms of gonococcal disease including disseminated gonococcemia, septic arthritis, and gonococcal ophthalmia neonatorum."
"Rhizoctonia solani","Fungi","Rhizoctonia solani is a species of fungus in the order Cantharellales. Basidiocarps are thin, effused, and web-like, but the fungus is more typically encountered in its anamorphic state, as hyphae and sclerotia. The name Rhizoctonia solani is currently applied to a complex of related species that await further research. In its wide sense, Rhizoctonia solani is a facultative plant pathogen with a wide host range and worldwide distribution. It causes various plant diseases such as root rot, damping off, and wire stem. It can also form mycorrhizal associations with orchids."
"Pseudomonas sp.","unknown","Pseudomonas is a genus of Gram-negative bacteria belonging to the family Pseudomonadaceae in the class Gammaproteobacteria. The 348 members of the genus demonstrate a great deal of metabolic diversity and consequently are able to colonize a wide range of niches and hosts. Their ease of culture in vitro and availability of an increasing number of Pseudomonas strain genome sequences has made the genus an excellent focus for scientific research; the best studied species include P. aeruginosa in its role as an opportunistic human pathogen, the plant pathogen P. syringae, the soil bacterium P. putida, and the plant growth-promoting P. fluorescens, P. lini, P. migulae, and P. graminis."
"Neisseria meningitidis","Gram-negative","Neisseria meningitidis, often referred to as the meningococcus, is a Gram-negative bacterium that can cause meningitis and other forms of meningococcal disease such as meningococcemia, a life-threatening sepsis. The bacterium is referred to as a coccus because it is round, and more specifically a diplococcus because of its tendency to form pairs."
"Pythium graminicola","unknown","Pythium graminicola is a plant pathogen infecting cereals."
"Trichophyton mentagrophytes","Fungi","Trichophyton mentagrophytes is a species in the fungal genus Trichophyton, and the type species of the Trichophyton mentagrophytes complex. It is one of three common fungi which cause ringworm in companion animals. It is also the second-most commonly isolated fungus causing tinea infections in humans, and the most common or one of the most common fungi that cause zoonotic skin disease. Trichophyton mentagrophytes is frequently isolated from dogs, cats, rabbits, guinea pigs and other rodents, though at least some genetic variants possess the potential of human-to-human transmission, e.g. Type VII and Type VIII. As of 2024 it is an emerging STD in men who have sex with men and in sex workers of all genders."
"Nocardia brasiliensis","Gram-positive","Nocardia brasiliensis is a species of Nocardia. As with most members of Actinomycetota, they contain high guanine and cytosine content. It can cause nocardiosis."
"Verticillium dahliae","Fungi","Verticillium dahliae is a fungal plant pathogen. It causes verticillium wilt in many plant species, causing leaves to curl and discolor. It may cause death in some plants. Over 400 plant species are affected by Verticillium complex."
"Sphingobacterium sp.","unknown","No Wikipedia description available for Sphingobacterium sp."
"Sphingobacterium siyangense","Gram-negative","Sphingobacterium siyangense is a Gram-negative, non-spore-forming and non-motile bacterium from the genus Sphingobacterium which has been isolated from soil from Jiangsu in China."
"Shigella flexneri","Gram-negative","Shigella flexneri is a species of Gram-negative bacteria in the genus Shigella that can cause diarrhea in humans. Several different serogroups of Shigella are described; S. flexneri belongs to group B. S. flexneri infections which can usually be treated with antibiotics, although some strains have become resistant. Less severe cases are not usually treated because they become more resistant in the future. Shigella are closely related to Escherichia coli, but can be differentiated from E.coli based on pathogenicity, physiology and serology."
"Alternaria brassicae","Fungi","Alternaria brassicae is a plant pathogen able to infect most Brassica species including important crops such as broccoli, cabbage and oil seed rape. It causes damping off if infection occurs in younger plants and less severe leaf spot symptoms on infections of older plants."
"Ascochyta pisi","Fungi","Ascochyta pisi is a fungal plant pathogen that causes ascochyta blight on pea, causing lesions of stems, leaves, and pods. These same symptoms can also be caused by Ascochyta pinodes, and the two fungi are not easily distinguishable."
"Aspergillus versicolor","Fungi","Aspergillus versicolor is a slow-growing species of filamentous fungus commonly found in damp indoor environments and on food products. It has a characteristic musty odor associated with moldy homes and is a major producer of the hepatotoxic and carcinogenic mycotoxin sterigmatocystin. Like other Aspergillus species, A. versicolor is an eye, nose, and throat irritant."
"Veillonella parvula","Gram-negative","Veillonella parvula is a strictly anaerobic, Gram-negative, coccus-shaped bacterium in the genus Veillonella. It is a normal part of the oral flora but can be associated with diseases such as periodontitis and dental caries as well as various systemic infections, including meningitis and osteomyelitis. It has also been isolated from women with bacterial vaginosis and has been associated with hypertension together with Campylobacter rectus and Prevotella melaninogenica."
"Vibrio splendidus","Gram-negative","No Wikipedia description available for Vibrio splendidus"
"Yersinia enterocolitica","Gram-negative","Yersinia enterocolitica is a Gram-negative, rod-shaped bacterium, belonging to the family Yersiniaceae. It is motile at temperatures of 2229 C, but it becomes nonmotile at normal human body temperature. Y. enterocolitica infection causes the disease yersiniosis, which is an animal-borne disease occurring in humans, as well as in a wide array of animals such as cattle, deer, pigs, and birds. Many of these animals recover from the disease and become carriers; these are potential sources of contagion despite showing no signs of disease. The bacterium infects the host by sticking to its cells using trimeric autotransporter adhesins."
"Agrobacterium tumefaciens","Gram-negative","Agrobacterium tumefaciens is the causal agent of crown gall disease in over 140 species of eudicots. It is a rod-shaped, Gram-negative soil bacterium. Symptoms are caused by the insertion of a small segment of DNA, from a plasmid into the plant cell, which is incorporated at a semi-random location into the plant genome. Plant genomes can be engineered by use of Agrobacterium for the delivery of sequences hosted in T-DNA binary vectors."
"Clostridium botulinum","unknown","Clostridium botulinum is a gram-positive, rod-shaped, anaerobic, spore-forming, motile bacterium that has the ability to produce botulinum toxin, which is a neurotoxin known to be the deadliest substance ever recorded in the chemical literature."
"Clostridium septicum","Gram-positive","Clostridium septicum is a gram positive, spore forming, obligate anaerobic bacterium."
"Macrophomina phaseolina","Fungi","Macrophomina phaseolina is a Botryosphaeriaceae plant pathogen fungus that causes damping off, seedling blight, collar rot, stem rot, charcoal rot, basal stem rot, and root rot on many plant species."
"Microsporum canis","Fungi","Microsporum canis is a pathogenic, asexual fungus in the phylum Ascomycota that infects the upper, dead layers of skin on domesticated cats, and occasionally dogs and humans. The species has a worldwide distribution."
"Penicillium crustosum","Fungi","Penicillium crustosum is a blue-green or blue-grey mold that can cause food spoilage, particularly of protein-rich foods such as meats and cheeses. It is identified by its complex biseriate conidiophores on which phialides produce asexual spores. It can grow at fairly low temperatures, and in low water activity environments."
"Brucella suis","Gram-negative","Brucella suis is a bacterium that causes swine brucellosis, a zoonosis that affects pigs. The disease typically causes chronic inflammatory lesions in the reproductive organs of susceptible animals or orchitis, and may even affect joints and other organs. The most common symptom is abortion in pregnant susceptible sows at any stage of gestation. Other manifestations are temporary or permanent sterility, lameness, posterior paralysis, spondylitis, and abscess formation. It is transmitted mainly by ingestion of infected tissues or fluids, semen during breeding, and suckling infected animals."
"Klebsiella sp.","unknown","No Wikipedia description available for Klebsiella sp."
"Edwardsiella ictaluri","Gram-negative","Edwardsiella ictaluri is a member of the family Hafniaceae. The bacterium is a short, gram negative, pleomorphic rod with flagella. It causes the disease enteric septicaemia of catfish (ESC), which infects a variety of fish species. The bacteria can cause either acute septicaemia or chronic encephalitis in infected fish. Outbreaks normally occur in spring and autumn."
"Leucothrix mucor","unknown","No Wikipedia description available for Leucothrix mucor"
"Pseudomonas oryzae","unknown","""Pseudomonas oryzae"" is a species of pseudomonad bacteria."
"Propionibacterium freudenreichii","Gram-positive","Propionibacterium freudenreichii is a gram-positive, non-motile bacterium that plays an important role in the creation of Emmental cheese, and to some extent, Jarlsberg cheese, Leerdammer and Maasdam cheese. Its concentration in Swiss-type cheeses is higher than in any other cheese. Propionibacteria are commonly found in milk and dairy products, though they have also been extracted from soil. P. freudenreichii has a circular chromosome about 2.5 Mb long. When Emmental cheese is being produced, P. freudenreichii ferments lactate to form acetate, propionate, and carbon dioxide: (3 C3H6O3  2 C2H5CO2 + C2H3O2 + CO2)."
"Sclerotinia sclerotiorum","Fungi","Sclerotinia sclerotiorum is a plant pathogenic fungus and can cause a disease called white mold if conditions are conducive. S. sclerotiorum can also be known as cottony rot, watery soft rot, stem rot, drop, crown rot and blossom blight. A key characteristic of this pathogen is its ability to produce black resting structures known as sclerotia and white fuzzy growths of mycelium on the plant it infects. These sclerotia give rise to a fruiting body in the spring that produces spores in a sac which is why fungi in this class are called sac fungi (Ascomycota). This pathogen can occur on many continents and has a wide host range of plants. When S. sclerotiorum is onset in the field by favorable environmental conditions, losses can be great and control measures should be considered."
"Trichoderma viride","Fungi","Trichoderma viride is a fungus and a biofungicide."
"Perkinsus marinus","unknown","Perkinsus marinus is a species of alveolate belonging to the phylum Perkinsozoa. It is similar to a dinoflagellate. It is known as a prevalent pathogen of oysters, causing massive mortality in oyster populations. The disease it causes is known as dermo or perkinsosis, and is characterized by the degradation of oyster tissues. The genome of this species has been sequenced."
"Pediococcus parvulus","Gram-positive","No Wikipedia description available for Pediococcus parvulus"
"Trypanosoma cruzi","unknown","Trypanosoma cruzi is a species of parasitic kinetoplastid which causes Chagas disease. Among the protozoa, the trypanosomes characteristically bore tissue in another organism and feed on blood (primarily) and also lymph. This behaviour causes disease or the likelihood of disease that varies with the organism: Chagas disease and sleeping sickness in humans, dourine and surra in horses, and a brucellosis-like disease in cattle. Parasites need a host body and the haematophagous insect triatomine is the major vector in accord with a mechanism of infection. The triatomine likes the nests of vertebrate animals for shelter, where it bites and sucks blood for food. Individual triatomines infected with protozoa from other contact with animals transmit trypanosomes when the triatomine deposits its faeces on the host's skin surface while blood feeding. Penetration of the infected faeces is further facilitated by the scratching of the bite area by the human or animal host."
"Pseudomonas luteola","Gram-negative","Pseudomonas luteola is an opportunistic pathogen, found ubiquitously in damp environments. Originally designated in the genus Chryseomonas, the species has since been reassigned to the genus Pseudomonas."
"Malassezia sympodialis","Fungi","Malassezia sympodialis is a species in the genus Malassezia. It is characterized by a pronounced lipophily, unilateral, percurrent or sympodial budding and an irregular, corrugated cell wall ultrastructure. It is one of the most common species found on the skin of healthy and diseased individuals. It is considered to be part of the skin's normal human microbiota and begins to colonize the skin of humans shortly after birth. Malassezia sympodialis, often has a symbiotic or commensal relationship with its host, but it can act as a pathogen causing a number of different skin diseases, such as atopic dermatitis."
"Providencia stuartii","Gram-negative","Providencia stuartii, is a Gram negative bacillus that is commonly found in soil, water, and sewage. P. stuartii is the most common of the 5 species found in the genus Providencia, with Providencia rettgeri, Providencia alcalifaciens, Providencia rustigianii, P. heimbachae. Providencia stuartii can be incubated at 37 C in nutrient agar or nutrient broth. P. stuartii is the genomic source for the restriction endonuclease, PstI. Some other important information about P. stuartii is that it is motile via flagella, non-sporulating, non-lactose fermenting, catalase positive and oxidase negative. It can also grow in anaerobic conditions and on Simmons Citrate Agar."
"Ureaplasma canigenitalium","unknown","Ureaplasma canigenitalium is a species of Ureaplasma, a genus of bacteria belonging to the family Mycoplasmataceae. It has been isolated from dogs. It possesses the sequence accession no. for the type strain: D78648."
"Ureaplasma urealyticum","Gram-negative","Ureaplasma urealyticum is a bacterium belonging to the genus Ureaplasma and the family Mycoplasmataceae in the order Mycoplasmatales. This family consists of the genera Mycoplasma and Ureaplasma. Its type strain is T960. There are two known biovars of this species; T960 and 27. These strains of bacteria are commonly found as commensals in the urogenital tracts of human beings. Unlike most bacteria, Ureaplasma urealyticum lacks a cell wall making it unique in physiology and medical treatment."
"Streptococcus sp.","unknown","No Wikipedia description available for Streptococcus sp."
"Kocuria rhizophila","Gram-positive","Kocuria rhizophila is a soil dwelling Gram positive bacterium in the genus Kocuria. It is used in industry for antimicrobial testing and in food preparation. The genome of K. rhizophila BT304 from the bovine intestine is a 2.76-Mb circular chromosome with over 2,300 coding sequences, demonstrating notable metabolic versatility. The type strain of K. rhizophila contains only a small number of secondary-metabolite biosynthesis genes, suggesting it is specialized for primary metabolism rather than complex metabolite production. However, several studies show the ability of this species to break down complex compounds. [MR1.1] Several strains of Kocuria rhizophila contain genes for aromatic-compound degradation through the phenylacetate (PAA) pathway, suggesting they can break down plant-derived or pollutant aromatics. A keratin-degrading strain of K. rhizophila was found to break down about 52% of chicken-feather keratin in four days at 25 C, showing potential for keratin-waste biodegradation. K. rhizophila has been identified as an opportunistic pathogen, including a documented case of persistent bloodstream infection associated with a contaminated central venous catheter."
"Corynebacterium diphtheriae","Gram-positive","Corynebacterium diphtheriae is a Gram-positive pathogenic bacterium that causes diphtheria. It is also known as the KlebsLffler bacillus because it was discovered in 1884 by German bacteriologists Edwin Klebs (18341913) and Friedrich Lffler (18521915). While nontoxigenic C. diphtheriae may rarely produce systemic disease by invading tissues, virulence is enhanced when the bacteria are infected by a bacteriophage carrying a gene which gives rise to a toxin. This toxin causes the disease."
"Corynebacterium xerosis","Gram-positive","Corynebacterium xerosis is a gram-positive, rod-shaped bacterium in the genus Corynebacterium. Although it is frequently a harmless commensal organism living on the skin and in the mucous membranes, C. xerosis is also a clinically relevant opportunistic pathogen that has been attributed to many different infections in animals and humans. However, its actual prominence in human medicine is up for debate due to early difficulties distinguishing it from other Corynebacterium species in clinical isolates."
"Pyricularia grisea","Fungi","Magnaporthe grisea, also known as rice blast fungus, rice rotten neck, rice seedling blight, blast of rice, oval leaf spot of graminea, pitting disease, ryegrass blast, Johnson spot, neck blast, wheat blast and Imochi (), is a plant-pathogenic fungus and model organism that causes a serious disease affecting rice. It is now known that M. grisea consists of a cryptic species complex containing at least two biological species that have clear genetic differences and do not interbreed. Complex members isolated from Digitaria have been more narrowly defined as M. grisea. The remaining members of the complex isolated from rice and a variety of other hosts have been renamed Magnaporthe oryzae, within the same M. grisea complex. Confusion on which of these two names to use for the rice blast pathogen remains, as both are now used by different authors."
"Geotrichum candidum","Fungi","Geotrichum candidum is a fungus which is a member of the human microbiome, notably associated with skin, sputum, and faeces where it occurs in 2530% of specimens. It is common in soil and has been isolated from soil collected around the world, in all continents."
"Trichosporon beigelii","Fungi","Trichosporon is a genus of anamorphic fungi in the family Trichosporonaceae. All species of Trichosporon are yeasts with no known teleomorphs. Most are typically isolated from soil, but several species occur as a natural part of the skin microbiota of humans and other animals. Proliferation of Trichosporon yeasts in the hair can lead to an unpleasant but non-serious condition known as white piedra. Trichosporon species can also cause severe opportunistic infections (trichosporonosis) in immunocompromised individuals."
"Ralstonia pickettii","Gram-negative","Ralstonia pickettii is a Gram-negative, rod-shaped, soil bacterium."
"Aggregatibacter sp.","unknown","No Wikipedia description available for Aggregatibacter sp."
"Achromobacter xylosoxidans","Gram-negative","Achromobacter xylosoxidans is a Gram-negative, aerobic, oxidase and catalase-positive, motile bacterium with peritrichous flagella, from the genus Achromobacter. It is generally found in wet environments. Achromobacter xylosoxidans can cause infections such as bacteremia, especially in patients with cystic fibrosis. In 2013, the complete genome of an A. xylosoxidans strain from a patient with cystic fibrosis was sequenced."
"Xanthomonas campestris","Gram-negative","Xanthomonas campestris is a gram-negative, obligate aerobic bacterium that is a member of the Xanthomonadaceae, a family of bacteria that are commonly known for their association with plant disease. This species includes Xanthomonas campestris pv. campestris, the cause of black rot in brassicas, one of the most important diseases of brassicas worldwide."
"Mycobacterium tuberculosis","unknown","Mycobacterium tuberculosis, also known as Koch's bacillus, is a species of pathogenic bacteria in the family Mycobacteriaceae and the causative agent of tuberculosis."
"Lacticaseibacillus casei","Gram-positive","Lacticaseibacillus casei is an organism that belongs to the largest genus in the family Lactobacillaceae, a lactic acid bacteria (LAB), that was previously classified as Lactobacillus casei. This bacteria has been identified as facultatively anaerobic or microaerophilic, acid-tolerant, non-spore-forming bacteria."
"Veillonella atypica","Gram-negative","No Wikipedia description available for Veillonella atypica"
"Kitasatospora kifunensis","unknown","No Wikipedia description available for Kitasatospora kifunensis"
"Alternaria alternata","Fungi","Alternaria alternata is a fungus causing leaf spots, rots, and blights on many plant parts, and other diseases. It is an opportunistic pathogen on over 380 host species of plant."
"Cladosporium herbarum","Fungi","Cladosporium herbarum is a common fungus found worldwide in organic and inorganic matter. It is efficiently distributed in the air, where it exists as the most frequently occurring fungal species. It can grow over a wide range of temperatures including very cold environments, giving it the ability to grow on refrigerated meat and form ""black spots"". Its high prevalence in the air and production of allergens makes C. herbarum an important exacerbant of asthma and hay fever."
"Geobacillus stearothermophilus","Gram-positive","Geobacillus stearothermophilus is a rod-shaped, Gram-positive bacterium and a member of the phylum Bacillota. The bacterium is a thermophile and is widely distributed in soil, hot springs, ocean sediment, and is a cause of spoilage in food products. It will grow within a temperature range of 3075C. Some strains are capable of oxidizing carbon monoxide aerobically. It is commonly used as a challenge organism for sterilization validation studies and periodic check of sterilization cycles. The biological indicator contains spores of the organism on filter paper inside a vial. After sterilizing, the cap is closed, an ampule of growth medium inside of the vial is crushed and the whole vial is incubated. A color and/or turbidity change indicates the results of the sterilization process; no change indicates that the sterilization conditions were achieved, otherwise the growth of the spores indicates that the sterilization process has not been met. Fluorescent-tagged strains, known as rapid-read BIs, are becoming more common to verify sterilization, since the visible fluorescence appears in about one-tenth the time needed for pH-indicator color change and an inexpensive light sensor can detect the growing colonies."
"Rhodococcus oryzae","unknown","No Wikipedia description available for Rhodococcus oryzae"
"Levilactobacillus brevis","Gram-positive","Levilactobacillus brevis is a gram-positive, rod shaped species of lactic acid bacteria which is heterofermentative, creating CO2, lactic acid and acetic acid or ethanol during fermentation. L. brevis is the type species of the genus Levilactobacillus (previously L. brevis group), which comprises 24 species. It can be found in many different environments, such as fermented foods, and as normal microbiota. L. brevis is found in food such as sauerkraut and pickles. It is also one of the most common causes of beer spoilage. Ingestion has been shown to improve human immune function, and it has been patented several times. Normal gut microbiota L. brevis is found in human intestines, vagina, and feces."
"Bordetella bronchiseptica","Gram-negative","No Wikipedia description available for Bordetella bronchiseptica"
"Pectobacterium carotovorum","Gram-negative","No Wikipedia description available for Pectobacterium carotovorum"
"Xanthomonas vesicatoria","unknown","No Wikipedia description available for Xanthomonas vesicatoria"
"Alternaria dauci","Fungi","No Wikipedia description available for Alternaria dauci"
"Alternaria brassicicola","Fungi","No Wikipedia description available for Alternaria brassicicola"
"Fusarium haematococcum","Fungi","No Wikipedia description available for Fusarium haematococcum"
"Pseudomonas corrugata","Gram-negative","No Wikipedia description available for Pseudomonas corrugata"
"Acholeplasma laidlawii","Gram-negative","Acholeplasma laidlawii are small bacteria which lack a cell wall. Like other Acholeplasma and Mycoplasma, A. laidlawii has been identified as a common contaminant of growth media for cell culture."
"Spiroplasma melliferum","unknown","No Wikipedia description available for Spiroplasma melliferum"
"Mannheimia haemolytica","Gram-negative","Mannheimia haemolytica is a species of Gram-negative bacteria belonging to the family Pasteurellaceae. It is a facultatively anaerobic, non-spore-forming, and non-motile coccobacillus. M. haemolytica is a primary bacterial pathogen implicated in the bovine respiratory disease complex (BRDC), also commonly known as ""shipping fever,"" particularly affecting cattle, sheep, and goats."
"Sinorhizobium meliloti","Gram-negative","Ensifer meliloti are an aerobic, Gram-negative, and diazotrophic species of bacteria. E. meliloti are motile and possess a cluster of peritrichous flagella. E. meliloti fix atmospheric nitrogen into ammonia for their legume hosts, such as alfalfa. E. meliloti forms a symbiotic relationship with legumes from the genera Medicago, Melilotus and Trigonella, including the model legume Medicago truncatula. This symbiosis promotes the development of a plant organ, termed a root nodule. Because soil often contains a limited amount of nitrogen for plant use, the symbiotic relationship between E. meliloti and their legume hosts has agricultural applications. These techniques reduce the need for inorganic nitrogenous fertilizers."
"Bibersteinia trehalosi","Gram-negative","Bibersteinia trehalosi is a species of Gram-negative bacteria in the family Pasteurellaceae. Originally described as Pasteurella trehalosi by Sneath & Stevens in 1990, it was reclassified into the newly created genus Bibersteinia in 2007 based on phylogenetic and biochemical studies."
"Corynebacterium pseudotuberculosis","Gram-positive","Corynebacterium pseudotuberculosis is a Gram-positive bacterium known to infect ruminants, horses, and  rarely  people. It is a facultative anaerobic organism that is catalase-positive and capable of beta-hemolysis. In small ruminants, C. pseudotuberculosis causes a disease called caseous lymphadenitis, which is characterized by pyogranulomatous abscess formation. In general, the bacterium causes lesions of the skin, lymph nodes, and internal organs. A disease known as ulcerative lymphagenitis can also result from infection with C. pseudotuberculosis in the distal limbs of horses. This bacterium uses the virulence factors phospholipase D and mycolic acid to damage eukaryotic cell walls and resist phagocytic lysosomal degradation, respectively. Infection with this bacterium is often confirmed by bacterial culture of the purulent exudate. Once the diagnosis has been made, treatment of the infection can begin, but this is difficult due to the nature of the organism and the lesions it forms. Specifically, C. pseudotuberculosis is intrinsically resistant to streptomycin, with varying resistance to penicillin and neomycin depending on the strain. It has been shown to be susceptible to ampicillin, gentamicin, tetracycline, lincomycin, and chloramphenicol. Vaccines have also been produced to develop acquired immunity to this infection."
"Fusobacterium nucleatum","Gram-negative","Fusobacterium nucleatum is a Gram-negative, anaerobic bacterium, commensal to the human oral cavity, that plays a role in periodontal disease. This organism is commonly recovered from different monocultured microbial and mixed infections in humans and animals. In health and disease, it is a key component of periodontal plaque due to its abundance and its ability to coaggregate with other bacteria species in the oral cavity."
"Pediococcus pentosaceus","Gram-positive","No Wikipedia description available for Pediococcus pentosaceus"
"Penicillium urticae","Fungi","Penicillium griseofulvum is a species of the genus of Penicillium which produces patulin, penifulvin A, cyclopiazonic acid, roquefortine C, shikimic acid, griseofulvin, and 6-Methylsalicylic acid. Penicillium griseofulvum occurs on cereals and nuts."
"Weissella viridescens","Gram-positive","No Wikipedia description available for Weissella viridescens"
"Rhizopus stolonifer","Fungi","Rhizopus stolonifer, commonly known as black bread mold, is a member of Zygomycota and considered the most important species in the genus Rhizopus. It is one of the most common fungi in the world and has a global distribution, although it is most commonly found in tropical and subtropical regions. It is a common agent of decomposition of stored foods. Like other members of the genus Rhizopus, R. stolonifer grows rapidly, mostly in indoor environments."
"Carnobacterium maltaromaticum","Gram-positive","No Wikipedia description available for Carnobacterium maltaromaticum"
"Lactiplantibacillus plantarum","Gram-positive","Lactiplantibacillus plantarum is a widespread member of the genus Lactiplantibacillus and commonly found in many fermented food products as well as anaerobic plant matter. L. plantarum was first isolated from saliva. Based on its ability to temporarily persist in plants, the insect intestine and in the intestinal tract of vertebrate animals, it was designated as a nomadic organism. L. plantarum is Gram positive, bacilli shaped bacterium. L. plantarum cells are rods with rounded ends, straight, generally 0.91.2 m wide and 38 m long, occurring singly, in pairs or in short chains. L. plantarum has one of the largest genomes known among the lactic acid bacteria and is a very flexible and versatile species. It is estimated to grow between pH 3.4 and 8.8. Lactiplantibacillus plantarum can grow in the temperature range 12 C to 40 C. The viable counts of the ""L. plantarum"" stored at refrigerated condition (4 C) remained high, while a considerable reduction in the counts was observed stored at room temperature."
"Schizosaccharomyces pombe","Fungi","Schizosaccharomyces pombe, also called ""fission yeast"", is a species of yeast used in traditional brewing and as a model organism in molecular and cell biology. It is a unicellular eukaryote, whose cells are rod-shaped. Cells typically measure 3 to 4 micrometres in diameter and 7 to 14 micrometres in length. Its genome, which is approximately 14.1 million base pairs, is estimated to contain 4,970 protein-coding genes and at least 450 non-coding RNAs."
"Latilactobacillus sakei","Gram-positive","Latilactobacillus sakei is the type species of the genus Latilactobacillus that was previously classified in the genus Lactobacillus. It is homofermentative; hexoses are metabolized via glycolysis to lactic acid as main metabolite; pentoses are fermented via the phosphoketolase pathway to lactic and acetic acid."
"Pediococcus acidilactici","Gram-positive","Pediococcus acidilactici is a species of Gram-positive cocci that is often found in pairs or tetrads. P. acidilactici is a homofermentative bacterium that can grow in a wide range of pH, temperature, and osmotic pressure, therefore being able to colonize the digestive tract. It has emerged as a potential probiotic that has shown promising results in animal and human experiments. However, some of the results are limited. They are commonly found in fermented vegetables, fermented dairy products, and meat."
"Corynebacterium jeikeium","Gram-positive","Corynebacterium jeikeium is a rod-shaped, catalase-positive, aerobic species of Actinomycetota in the genus Corynebacterium. C. jeikeium is pathogenic, typically causing an opportunistic infection seen most frequently in bone marrow transplant patients. C. jeikeium is a strictly aerobic organism and forms tiny grayish white colonies when grown on blood agar."
"Micrococcus sp.","unknown","No Wikipedia description available for Micrococcus sp."
"Yersinia pseudotuberculosis","Gram-negative","Yersinia pseudotuberculosis is a Gram-negative bacterium that causes Far East scarlet-like fever in humans, who occasionally get infected zoonotically, most often through the food-borne route. Animals are also infected by Y. pseudotuberculosis. The bacterium is urease positive."
"Cronobacter sakazakii","Gram-negative","Cronobacter sakazakii, which before 2007 was named Enterobacter sakazakii, is an opportunistic Gram-negative, rod-shaped, pathogenic bacterium that can live in very dry places, a phenomenon known as xerotolerance. C. sakazakii utilizes a number of genes to survive desiccation and this xerotolerance may be strain specific. Most C. sakazakii cases are adults but low-birth-weight preterm neonates and older infants are at the highest risk. The pathogen is a rare cause of invasive infection in infants, with historically high case fatality rates (4080%)."
"Cronobacter muytjensii","Gram-negative","Cronobacter muytjensii is a bacterium. It is named after Harry Muytjens. Its type strain is ATCC 51329T. It is indole, dulcitol, and malonate positive but palatinose and methyl--D-glucopyranoside negative."
"Brenneria salicis","Gram-negative","Brenneria salicis is a Gram-negative bacterium that is pathogenic on plants."
"Malassezia furfur","Fungi","Malassezia furfur is a species of yeast that is naturally found on the skin surfaces of humans and some other mammals. It is associated with a variety of dermatological conditions caused by fungal infections, notably seborrhoeic dermatitis and tinea versicolor. As an opportunistic pathogen, it has further been associated with dandruff, malassezia folliculitis, pityriasis versicolor (alba), and malassezia intertrigo, as well as catheter-related fungemia and pneumonia in patients receiving hematopoietic transplants and patients receiving parenteral nutrition."
"Kluyveromyces marxianus","Fungi","Kluyveromyces marxianus in ascomycetous yeast and member of the genus, Kluyveromyces. It is the sexual stage (teleomorph) of Atelosaccharomyces pseudotropicalis also known as Candida kefyr. This species has a homothallic mating system and is often isolated from dairy products."
"Pachysolen tannophilus","Fungi","Pachysolen is a genus of yeast discovered from sulfite liquor by Boidin and Adzet (1957) and isolated by Wickerham (1970)."
"Trichoderma harzianum","Fungi","Trichoderma harzianum is a fungus that is also used as a fungicide. It is used for foliar application, seed treatment and soil treatment for suppression of fungal pathogens causing various fungal plant diseases. Commercial biotechnological products such as 3Tac have been useful for treatment of Botrytis, Fusarium and Penicillium sp. It is also used for manufacturing enzymes."
"Rhodotorula mucilaginosa","Fungi","No Wikipedia description available for Rhodotorula mucilaginosa"
"Paenibacillus alvei","Gram-positive","Paenibacillus alvei is a species of bacteria within the order Bacillales. Like other species within the genus Paenibacillus, strains of this species grow in novel, vortex-like, or branched patterns. This species is associated with the honey bee disease European foulbrood."
"Morganella morganii","Gram-negative","Morganella morganii is a species of Gram-negative bacteria. It has a commensal relationship within the intestinal tracts of humans, mammals, and reptiles as normal flora. Although M. morganii has a wide distribution, it is considered an uncommon cause of community-acquired infection, and it is most often encountered in postoperative and other nosocomial infections, such as urinary tract infections."
"Elizabethkingia meningoseptica","Gram-negative","Elizabethkingia meningoseptica is a Gram-negative, rod-shaped bacterium widely distributed in nature. It may be normally present in fish and frogs; it may be isolated from chronic infectious states, as in the sputum of cystic fibrosis patients. In 1959, American bacteriologist Elizabeth O. King was studying unclassified bacteria associated with pediatric meningitis at the Centers for Disease Control and Prevention in Atlanta, when she isolated an organism that she named Flavobacterium meningosepticum. In 1994, it was reclassified in the genus Chryseobacterium and renamed Chryseobacterium meningosepticum(chryseos = ""golden"" in Greek, so Chryseobacterium means a golden/yellow rod similar to Flavobacterium). In 2005, a 16S rRNA phylogenetic tree of Chryseobacteria showed that C. meningosepticum along with C. miricola were close to each other but outside the tree of the rest of the Chryseobacteria and were then placed in a new genus Elizabethkingia named after the original discoverer of F. meningosepticum."
"Streptomyces aureus","Gram-positive","Streptomyces aureus is a bacterium species from the genus of Streptomyces which has been isolated from soil from the United Kingdom. Streptomyces aureus produces azirinomycin and thiostrepton."
"Saccharibacillus kuerlensis","Gram-positive","Saccharibacillus kuerlensis is a Gram-positive and aerobic bacteria from the genus Saccharibacillus which has been isolated from desert soil from the desert of Kuerle in China."
"Citrobacter koseri","Gram-negative","Citrobacter koseri, formerly known as Citrobacter diversus, is a Gram-negative non-spore forming, rod-shaped bacterium. It is a facultative anaerobe capable of aerobic respiration. It is motile via peritrichous flagella. It is a member of the family of Enterobacteriaceae. The members of this family are part of the normal flora and commonly found in the digestive tracts of humans and animals. C. koseri may act as an opportunistic pathogen in individuals who are immunocompromised."
"Yersinia ruckeri","Gram-negative","Yersinia ruckeri is a species of Gram-negative bacteria, known for causing enteric redmouth disease in some species of fish. Strain 2396-61 is its type strain."
"Psychrobacter faecalis","Gram-negative","Psychrobacter faecalis is an aerobic, Gram-negative, oxidase-positive, catalase-positive, non-spore forming bacillus initially isolated from a bioaerosol originating from pigeon faeces."
"Mycobacterium avium","Gram-positive","Mycobacterium avium complex is a group of mycobacteria comprising Mycobacterium intracellulare and Mycobacterium avium that are commonly grouped because they infect humans together; this group, in turn, is part of the group of nontuberculous mycobacteria. These bacteria cause Mycobacterium avium-intracellulare infections or Mycobacterium avium complex infections in humans. These bacteria are common and are found in fresh and salt water, in household dust and in soil. MAC bacteria usually cause infection in those who are immunocompromised or those with severe lung disease."
"Ramulariopsis gossypii","Fungi","Mycosphaerella areola is the confirmed sexual (teleomorphic) stage of Ramularia areola, the causal agent of Ramularia leaf blight in cotton. The association between the two morphs was first proposed by Ehrlich and Wolf in 1932, and later validated through morphological, pathological, and molecular evidence, including its rDNA sequence concordance."
"Trichoderma asperellum","Fungi","Trichoderma asperellum Samuels, Lieckf & Nirenberg is a species of fungus in the family Hypocreaceae. It can be distinguished from T. viride by molecular and phenotypic characteristics. The most important molecular characteristics are divergent ITS-1 and 28S sequences and RFLP's of the endochitinase gene. Main phenotypic characters are conidial ornamentation and arrangement and branching of the conidiophores."
"Yersinia pestis","unknown","Yersinia pestis is a gram-negative, non-motile, coccobacillus bacterium without spores. It is related to pathogens Yersinia enterocolitica, and Yersinia pseudotuberculosis, from which it evolved. Yersinia pestis is responsible for the disease plague, which caused the Plague of Justinian and the Black Death, one of the deadliest pandemics in recorded history. Plague takes three main forms: pneumonic, septicemic, and bubonic. Y. pestis is a facultative anaerobic parasitic bacterium that can infect humans primarily via its host, the oriental rat flea, but also through aerosols and airborne droplets for its pneumonic form. As a parasite of its host, the rat flea, which is also a parasite of rats, Y. pestis is a hyperparasite."
"Serratia rubidaea","Gram-negative","No Wikipedia description available for Serratia rubidaea"
"Brucella abortus","Gram-negative","Brucella abortus is a Gram-negative bacterium in the family Brucellaceae and is one of the causative agents of brucellosis. The rod-shaped pathogen is classified under the domain Bacteria. The prokaryotic B. abortus is non-spore-forming, non-motile and aerobic."
"Xanthomonas axonopodis","unknown","No Wikipedia description available for Xanthomonas axonopodis"
"Spiroplasma citri","unknown","Spiroplasma citri is a bacterium species and the causative agent of Citrus stubborn disease."
"Mycoplasma mycoides","unknown","Mycoplasma mycoides is a bacterial species of the genus Mycoplasma in the class Mollicutes. This microorganism is a parasite that lives in ruminants. Mycoplasma mycoides is a bacterial species with two subspecies: M. mycoides subsp. mycoides, which causes contagious bovine pleuropneumonia (CBPP) in cattle, and M. mycoides subsp. capri, which causes contagious caprine pleuropneumonia (CCPP) in goats."
"Spiroplasma floricola","unknown","No Wikipedia description available for Spiroplasma floricola"
"Fusobacterium varium","unknown","No Wikipedia description available for Fusobacterium varium"
"Prevotella melaninogenica","Gram-negative","Prevotella melaninogenica is a species of bacterium in the normal microbiota of the upper respiratory tract. It is an important human pathogen in various anaerobic infections, often mixed with other aerobic and anaerobic bacteria. P. melaninogenica is an anaerobic, Gram-negative rod, named for its black colonies, and black pigment."
"Clostridium tertium","Gram-positive","Clostridium tertium is an anaerobic, motile, gram-positive bacterium. Although it can be considered an uncommon pathogen in humans, there has been substantial evidence of septic episodes in human beings. C. tertium is easily decolorized in Gram-stained smears and can be mistaken for a Gram-negative organism. However, C. tertium does not grow on selective media for Gram-negative organisms."
"Peptoniphilus asaccharolyticus","Gram-positive","Peptoniphilus asaccharolyticus is a species of bacteria belonging to the family Peptoniphilaceae. The cells are small, spherical, and can occur in short chains, in pairs or individually. Peptostreptococcus are slow-growing bacteria sometimes resistant to antimicrobial drugs."
"Peptostreptococcus anaerobius","Gram-positive","Peptostreptococcus anaerobius is a species of bacteria belonging to the Peptostreptococcus genus of anaerobic, Gram-positive, non-spore forming bacteria. The cells are small, spherical, and can occur in short chains, in pairs or individually. Peptostreptococcus are slow-growing bacteria sometimes resistance to antimicrobial drugs. P. anaerobius is intrinsically resistant to sodium polyethanol sulfonate (SPS), a component found in many types of blood culture media."
"Phytophthora nicotianae","unknown","Phytophthora nicotianae or black shank is an oomycete belonging to the order Peronosporales and family Peronosporaceae."
"Mammaliicoccus lentus","Gram-positive","No Wikipedia description available for Mammaliicoccus lentus"
"Legionella feeleii","Gram-negative","Legionella feeleii is a Gram-negative, rod-shaped bacterium from the genus Legionella which was isolated from an automobile plant and which was held responsible for causing Pontiac fever in 317 workers. The organism did not grow on blood agar, required L-cysteine, and showed significant quantities of branched-chain fatty acids. More recently, an unusual, extrapulmonary case was described in a 66-year-old woman admitted to Hopital Nord, Marseille, France because of a complicated cellulitis and an abscess on her right leg following a suspected insect or spider bite."
"Legionella longbeachae","Gram-negative","Legionella longbeachae is one species of the family Legionellaceae. It was first isolated from a patient in Long Beach, California. It is found predominantly in potting soil and compost. Human infection from L. longbeachae is particularly common in Australia, but cases have been documented in other countries including the United States, Japan, Greece and the UK."
"Legionella pneumophila","Gram-negative","Legionella pneumophila, the primary causative agent for Legionnaires disease, is an aerobic, pleomorphic, flagellated, non-spore-forming, Gram-negative bacterium. L. pneumophila is an intracellular bacterium that preferentially infects soil amoebae and freshwater protozoa for replication. Due to L. pneumophila's ability to thrive in water, it can grow in water filtration systems, leading to faucets, showers, and other fixtures. Aerosolized water droplets containing L. pneumophila originating from these fixtures may be inhaled by humans. Upon entry to the human respiratory tract, L. pneumophila is able to infect and reproduce within human alveolar macrophages. This causes the onset of Legionnaires' disease, also known as legionellosis. Infected humans may display symptoms such as fever, delirium, diarrhea, and decreased liver and kidney function. L. pneumophila infections can be diagnosed by a urine antigen test. The infections caused by the bacteria can be treated with fluoroquinolones and azithromycin antibiotics."
"Alcaligenes faecalis","Gram-negative","Alcaligenes faecalis is a species of Gram-negative, rod-shaped bacteria commonly found in the environment. It was originally named for its first discovery in feces, but was later found to be common in soil, water, and environments in association with humans. While opportunistic infections do occur, the bacterium is generally considered nonpathogenic. When an opportunistic infection does occur, it is usually observed in the form of a urinary tract infection."
"Cutibacterium sp.","unknown","No Wikipedia description available for Cutibacterium sp."
"Vibrio metschnikovii","Gram-negative","Vibrio metschnikovii is a Gram-negative species of bacteria found in freshwater and marine environments. V. metschnikovii is an emergent pathogen in humans, causing gastrointestinal disease and wound infections."
"Latilactobacillus curvatus","Gram-positive","Latilactobacillus curvatus is a species of gram-positive lactic acid bacteria in the family Lactobacillaceae. It is a facultatively heterofermentative bacterium commonly found in fermented foods, particularly fermented meat products. L. curvatus contributes to acidification, flavor development, and bacteriocin production during fermentation. Some strains also exhibit potential probiotic properties."
"Beauveria bassiana","Fungi","Beauveria bassiana is a fungus that grows naturally in soils throughout the world and acts as a parasite on various arthropod species, causing white muscardine disease; it thus belongs to the group of entomopathogenic fungi. It is used as a biological insecticide to control a number of pests, including termites, thrips, whiteflies, aphids, and various beetles. Its use in the control of bed bugs and malaria-transmitting mosquitos is under investigation."
"Trypanosoma brucei","unknown","Trypanosoma brucei is a species of parasitic kinetoplastid belonging to the genus Trypanosoma that is present in sub-Saharan Africa. Unlike other protozoan parasites that normally infect blood and tissue cells, it is exclusively extracellular and inhabits the blood plasma and body fluids. It causes deadly vector-borne diseases: African trypanosomiasis or sleeping sickness in humans, and animal trypanosomiasis or nagana in cattle and horses. It is a species complex grouped into three subspecies: T. b. brucei, T. b. gambiense and T. b. rhodesiense. The first is a parasite of non-human mammals and causes nagana, while the latter two are zoonotic infecting both humans and animals and cause African trypanosomiasis."
"Theileria equi","unknown","Theileria is a genus of parasites that belongs to the phylum Apicomplexa, and is closely related to Plasmodium. Two Theileria species, T. annulata and T. parva, are important cattle parasites. T. annulata causes tropical theileriosis and T. parva causes East Coast fever. Theileria species are transmitted by ticks. The genomes of T. orientalis Shintoku, Theileria equi WA, Theileria annulata Ankara and Theileria parva Muguga have been sequenced and published."
"Enterobacter sp.","unknown","No Wikipedia description available for Enterobacter sp."
"Pseudoalteromonas carrageenovora","unknown","Pseudoalteromonas carrageenovora is a marine bacterium. It belongs to the Gammaproteobacteria. The cells are rod-shaped."
"Campylobacter jejuni","Gram-negative","Campylobacter jejuni is a species of pathogenic bacteria that is commonly associated with poultry, and is also often found in animal feces. This species of microbe is one of the most common causes of food poisoning in Europe and in the US, with the vast majority of cases occurring as isolated events rather than mass outbreaks. Active surveillance through the Foodborne Diseases Active Surveillance Network (FoodNet) indicates that about 20 cases are diagnosed each year for each 100,000 people in the US, while many more cases are undiagnosed or unreported; the CDC estimates a total of 1.5 million infections every year. The European Food Safety Authority reported 246,571 cases in 2018, and estimated approximately nine million cases of human campylobacteriosis per year in the European Union. In Africa, Asia, and the Middle East, data indicates that C. jejuni infections are endemic."
"Aeromonas intestinalis","unknown","No Wikipedia description available for Aeromonas intestinalis"
"Flavobacterium columnare","Gram-negative","Flavobacterium columnare is a thin Gram-negative rod bacterium of the genus Flavobacterium. The name derives from the way in which the organism grows in rhizoid columnar formations."
"Aeromonas sobria","Gram-negative","Aeromonas veronii is a Gram-negative, rod-shaped bacterium found in fresh water and in association with animals. In humans A. veronii can cause diseases ranging from wound infections and diarrhea to sepsis in immunocompromised patients. In leeches, this bacterium is thought to function as a symbiote aiding in the digestion of blood, provision of nutrients, or preventing other bacteria from growing. Humans treated with medicinal leeches after vascular surgery can be at risk for infection from A. veronii and are commonly placed on prophylactic antibiotics. Most commonly ciprofloxacin is used but there have been reports of resistant strains leading to infection."
"Sporothrix schenckii","Fungi","Sporothrix schenckii, a fungus that can be found worldwide in the environment, is named for medical student Benjamin Schenck, who in 1896 was the first to isolate it from a human specimen. The species is present in soil as well as in and on living and decomposing plant material such as peat moss. It can infect humans as well as animals and is the causative agent of sporotrichosis, commonly known as ""rose handler's disease."" The most common route of infection is the introduction of spores to the body through a cut or puncture wound in the skin. Infection commonly occurs in otherwise healthy individuals but is rarely life-threatening and can be treated with antifungals. In the environment it is found growing as filamentous hyphae. In host tissue it is found as a yeast. The transition between the hyphal and yeast forms is temperature dependent making S. schenckii a thermally dimorphic fungus."
"Zymomonas mobilis","Gram-negative","Zymomonas mobilis is a Gram negative, facultative anaerobic, non-sporulating, polarly-flagellated, rod-shaped bacterium. It is the only species found in the genus Zymomonas. It has notable bioethanol-producing capabilities, which surpass yeast in some aspects. It was originally isolated from alcoholic beverages like the African palm wine, the Mexican pulque, and also as a contaminant of cider and beer in European countries."
"Actinomyces viscosus","Gram-positive","Actinomyces viscosus is a human and animal pathogen/pathobiont which colonises the mouths of 70% of adult humans. A. viscosus has a low level of virulence and is often mistaken with other actinomycetes."
"Trichophyton sp.","Fungi","No Wikipedia description available for Trichophyton sp."
"Actinomyces naeslundii","Gram-positive","Actinomyces naeslundii is a Gram-positive, rod-shaped bacterium found in the mouth of humans. The species has been implicated in periodontal disease, as well as various tooth cavities. In other cases, A. naeslundii is associated with good oral health. It is one of the first bacteria to occupy the oral cavity and colonize the tooth's surface. It has also been isolated from women with bacterial vaginosis."
"Xanthomonas arboricola","unknown","Xanthomonas arboricola is a species of bacteria. This phytopathogenic bacterium can cause disease in trees like Prunus, hazelnut and walnut."
"Xanthomonas fragariae","unknown","Xanthomonas fragariae is a species of bacteria. It causes a leaf spot disease found in strawberries. The type strain is NCPPB1469 from Fragaria chiloensis var. ananassa."
"Limosilactobacillus fermentum","Gram-positive","Limosilactobacillus fermentum is a Gram-positive species in the heterofermentative genus Limosilactobacillus. It is associated with active dental caries lesions. It is also commonly found in fermenting animal and plant material including sourdough and cocoa fermentation. Some strains of lactobacilli formerly mistakenly classified as L. fermentum have since been reclassified as Limosilactobacillus reuteri."
"Saccharomyces sp.","Fungi","No Wikipedia description available for Saccharomyces sp."
"Photobacterium damselae","Gram-negative","No Wikipedia description available for Photobacterium damselae"
"Shewanella putrefaciens","Gram-negative","Shewanella putrefaciens is a Gram-negative pleomorphic bacterium. It has been isolated from marine environments, as well as from anaerobic sandstone in the Morrison Formation in New Mexico. S. putrefaciens is also a facultative anaerobe with the ability to reduce iron and manganese metabolically; that is, it can use iron and manganese as the terminal electron acceptor in the electron transport chain. It is also one of the organisms associated with the odor of rotting fish, as it is a marine organism which produces trimethylamine."
"Vibrio aestuarianus","Gram-negative","No Wikipedia description available for Vibrio aestuarianus"
"Xanthomonas citri","unknown","Xanthomonas citri is a Gram-negative, rod-shaped bacterium. Although it is harmless for humans, it is a phytopathogen, known for being the causing agent of citrus canker."
"Planococcus citreus","unknown","No Wikipedia description available for Planococcus citreus"
"Leuconostoc mesenteroides","Gram-positive","Leuconostoc mesenteroides is a species of lactic acid bacteria associated with fermentation, under conditions of salinity and low temperatures. In some cases of vegetable and food storage, it was associated with pathogenicity. L. mesenteroides is approximately 0.5-0.7 m in diameter and has a length of 0.7-1.2 m, producing small grayish colonies that are typically less than 1.0 mm in diameter. It is facultatively anaerobic, Gram-positive, non-motile, non-sporogenous, and spherical. It often forms lenticular coccoid cells in pairs and chains, however, it can occasionally form short rods with rounded ends in long chains, as its shape can differ depending on what media the species is grown on. L. mesenteroides grows best at 30 C, but can survive in temperatures ranging from 10 C to 30 C. Its optimum pH is 5.5, but can still show growth in pH of 4.5-7.0."
"Legionella bozemanae","Gram-negative","Legionella bozemanae is a Gram-negative bacterium in the family Legionellaceae. Its type strain is WIGA. It is associated with human pneumonia."
"Trichophyton simii","Fungi","No Wikipedia description available for Trichophyton simii"
"Psychrobacter immobilis","Gram-negative","Psychrobacter immobilis is a Gram-negative, oxidase- and catalase-positive, psychrotrophic, nonmotile bacterium of the genus Psychrobacter which was isolated from cheese, fish, and processed meat and poultry products."
"Legionella micdadei","Gram-negative","Legionella micdadei is a Gram-negative bacterium from the genus Legionella, which stains acid-fast. It stains weakly, but loses this trait upon being grown in culture. Tatlockia micdadei is an alternative term for L. micdadei, the Pittsburgh pneumonia agent and TATLOCK strain. It is named after Joseph E. McDade, who first isolated L. pneumophila."
"Legionella oakridgensis","Gram-negative","Legionella oakridgensis is a Gram-negative bacterium from the genus Legionella which was isolated from industrial cooling tower waters. It is pathogenic."
"Dermacoccus nishinomiyaensis","Gram-positive","No Wikipedia description available for Dermacoccus nishinomiyaensis"
"Gardnerella vaginalis","Gram-negative","Gardnerella vaginalis is a species of Gram-variable-staining facultative anaerobic bacteria. The organisms are small non-spore-forming, nonmotile coccobacilli."
"Lactobacillus crispatus","Gram-positive","Lactobacillus crispatus is an aerotolerant, gram-positive, catalase-negative, non-spore forming, rod shaped, lactic acid producing bacteria. It is host adapted and commonly found in the vagina and in the vertebrate gastrointestinal tract and is thought to be beneficial to health."
"Lactobacillus gasseri","Gram-positive","Lactobacillus gasseri is a species in the genus Lactobacillus identified in 1980 by Franois Gasser and his associates."
"Lactobacillus jensenii","Gram-positive","Lactobacillus jensenii is a lactic acid bacteria species in the genus Lactobacillus."
"Streptococcus intermedius","Gram-positive","Streptococcus intermedius is an aerotolerant anaerobic commensal bacterium and a member of the Streptococcus anginosus group. The S. anginosus group, occasionally termed Streptococcus milleri group (SMG) display hemolytic and serologic diversity, yet share core physiological traits. Though the three members of the SMG are phenotypically diverse, one common trait they share is the mechanism of producing the metabolite diacetyl, which contributes to generating a signature caramel odor. Despite being commensal organisms, members of the S. anginosus group display wide pathogenic potential. S. intermedius has been isolated from patients with periodontitis and fatal purulent infections, especially brain and liver abscesses."
"Acetobacterium wieringae","unknown","No Wikipedia description available for Acetobacterium wieringae"
"Pichia sp.","Fungi","No Wikipedia description available for Pichia sp."
"Enterococcus avium","Gram-positive","Enterococcus avium, a species of Enterococcus, is most commonly found in birds. Rarely, it is also a cause of infection in humans, and in such cases, may be vancomycin-resistant, and is referred to as VREA. VREA cases in humans have been successfully treated with linezolid."
"Streptococcus pasteurianus","Gram-positive","No Wikipedia description available for Streptococcus pasteurianus"
"Providencia rettgeri","Gram-negative","Providencia rettgeri, is a Gram negative bacterium that is commonly found in both water and land environments. P. rettgeri is in the genus Providencia, along with Providencia stuartii, Providencia alcalifaciens, and Providencia rustigianii. P. rettgeri can be incubated at 37 C in nutrient agar or nutrient broth. It was first discovered in 1904 after a waterfowl epidemic. Strains of the species have also been isolated from nematodes of the genus Heterorhabditis. Providencia rettgeri also found in marine environment."
"Tetragenococcus halophilus","Gram-positive","Tetragenococcus halophilus is a halophilic lactic acid bacterium active in the fermentation processes of soy sauce, miso, fish sauce and salted anchovies."
"Acinetobacter sp.","unknown","No Wikipedia description available for Acinetobacter sp."
"Enterococcus gallinarum","Gram-positive","Enterococcus gallinarum is a species of Enterococcus. E. gallinarum demonstrates an inherent, low-level resistance to vancomycin. Resistance is due to a chromosomal gene, vanC, which encodes for a terminal D-alanine-D-serine instead of the usual D-alanine-D-alanine in cell wall peptidoglycan precursor proteins. That is a separate mechanism than the vancomycin resistance seen in VRE isolates of E. faecium and E. faecalis which is mediated by vanA or vanB. This species is known to cause clusters of infection, although it considered very rare. It is the only other known enterococcal species besides E. faecium and E. faecalis known to cause outbreaks and spread in hospitals."
"Arcyria cinerea","unknown","No Wikipedia description available for Arcyria cinerea"
"Bordetella pertussis","Gram-negative","Bordetella pertussis is a Gram-negative, aerobic, pathogenic, encapsulated coccobacillus bacterium of the genus Bordetella. It is the causative agent of pertussis or whooping cough. Despite widespread vaccination, B. pertussis continues to cause illness and death worldwide due to declining immunity and pathogen adaptation. Its virulence factors include pertussis toxin, adenylate cyclase toxin, filamentous haemagglutinin, pertactin, fimbria, and tracheal cytotoxin."
"Raoultella terrigena","Gram-negative","Raoultella terrigena is a Gram-negative bacterial species of the genus Raoultella, previously classified in the genus Klebsiella. It has primarily been isolated from soil and water samples, but rarely from humans. Studies have estimated fewer than 1% of healthy people harbor this species. This species has rarely been shown to cause disease in humans despite expressing many of the virulence factors expressed by other Klebsiella species such as Klebsiella pneumoniae."
"Glaesserella parasuis","Gram-negative","Glaesserella parasuis is a Gram-negative bacterium belonging to the family Pasteurellaceae. It is best known as the causative agent of Glsser's disease in pigs."
"Microbacterium maritypicum","Gram-negative","No Wikipedia description available for Microbacterium maritypicum"
"Lysinibacillus sphaericus","Gram-positive","Lysinibacillus sphaericus is a Gram-positive, mesophilic, rod-shaped bacterium commonly found on soil. It can form resistant endospores that are tolerant to high temperatures, chemicals and ultraviolet light and can remain viable for long periods of time. It is of particular interest to the World Health Organization due to the larvicide effect of some strains against two mosquito genera, more effective than Bacillus thuringiensis, frequently used as a biological pest control. L. sphaericus cells in a vegetative state are also effective against Aedes aegypti larvae, an important vector of yellow fever and dengue viruses."
"Corynebacterium stationis","Gram-positive","No Wikipedia description available for Corynebacterium stationis"
"Actinobacillus pleuropneumoniae","Gram-negative","Actinobacillus pleuropneumoniae, is a Gram-negative, facultative anaerobic, respiratory pathogen found in pigs. It was first reported in 1957, and was formally declared to be the causative agent of porcine pleuropneumonia in 1964. It was reclassified in 1983 after DNA studies showed it was more closely related to A. lignieresii."
"Botrytis sp.","Fungi","No Wikipedia description available for Botrytis sp."
"Vibrio nigripulchritudo","Gram-negative","No Wikipedia description available for Vibrio nigripulchritudo"
"Burkholderia sp.","unknown","No Wikipedia description available for Burkholderia sp."
"Vibrio coralliilyticus","Gram-negative","Vibrio coralliilyticus is a Gram-negative, rod-shaped bacterium. It has a polar flagellum that is used for motility and has been shown to be critical for its virulence to corals. It is a versatile pathogen, impacting several marine invertebrates including Pocillopora damicornis corals, both the Pacific and Eastern Oyster's larvae and some vertebrates such as the rainbow trout. It is a bacterium of considerable interest given its direct contribution to temperature dependent coral bleaching as well as its impacts on aquaculture where it can contribute to significant mortalities in larval oyster hatcheries. There are several known virulent strains, which appear on both the Pacific and Atlantic Coasts of the United States. After its initial discovery some strains were incorrectly classified as Vibrio tubiashii including the RE22 and RE98 strains but were later reclassified as Vibrio coralliilyticus."
"Aspergillus awamori","Fungi","Aspergillus awamori is the scientific name for what, until about 2013, was considered a type of black Aspergillus used to make awamori and shch. Due to international research in 2013, the black kji used to make awamori and shch is now commonly referred to by the scientific name Aspergillus luchuensis."
"Campylobacter coli","Gram-negative","Campylobacter coli is a Gram-negative, microaerophilic, non-endospore-forming, S-shaped bacterial species within the genus Campylobacter. In humans, C. coli can cause campylobacteriosis, a diarrhoeal disease which is the most frequently reported foodborne illness in the European Union. C. coli grows slowly with an optimum temperature of 42C. When exposed to air for long periods, they become spherical or coccoid shaped."
"Campylobacter lari","Gram-negative","Campylobacter lari is a species of nalidixic acid-resistant, thermophilic, microaerophilic bacteria first isolated from human faeces. It shows anaerobic growth in the presence of trimethylamine N-oxide hydrochloride. Its type strain is NCTC 11352. It is commonly found in sea gulls. In humans, it has been involved in cases of enteritis, severe abdominal pain and terminal bacteremia."
"Carnobacterium mobile","unknown","No Wikipedia description available for Carnobacterium mobile"
"Aeromonas veronii","Gram-negative","Aeromonas veronii is a Gram-negative, rod-shaped bacterium found in fresh water and in association with animals. In humans A. veronii can cause diseases ranging from wound infections and diarrhea to sepsis in immunocompromised patients. In leeches, this bacterium is thought to function as a symbiote aiding in the digestion of blood, provision of nutrients, or preventing other bacteria from growing. Humans treated with medicinal leeches after vascular surgery can be at risk for infection from A. veronii and are commonly placed on prophylactic antibiotics. Most commonly ciprofloxacin is used but there have been reports of resistant strains leading to infection."
"Raoultella ornithinolytica","Gram-negative","No Wikipedia description available for Raoultella ornithinolytica"
"Histophilus somni","Gram-negative","Histophilus somni is a non-motile, gram-negative, rod or coccobacillus shaped, facultative anaerobe bacterial species belonging to the family Pasteurellaceae. Prior to 2003, it was thought Haemophilus somnus, Histophilus ovis, and Histophilus agni were three different species, but now are all classified as Histophilus somni. Histophilus somni is a commensal bacteria of mucous membranes of the upper respiratory tract and reproductive tract with a global prevalence and is found in cattle and other small ruminants. Histophilus somni is also a known causative agent that is a part of the Bovine Respiratory Disease (BRD) complex, which typically involves multiple pathogens residing together in biofilm environments. Histophilus somni may also cause Histophilosus symptoms and clinical presentation will depend on the tissue affected. When disease does occur, it can be difficult to catch in time and is often diagnosed post mortem. This means that treatment often involves metaphylactic mass treatment or no treatment at all. This organism is more fastidious than others and requires knowledge for sample collection, storage and culture. Genomic studies related to this bacteria have enabled scientists to pinpoint antibiotic resistance genes."
"Priestia flexa","Gram-positive","Priestia flexa is an aerobic, Gram-variable, rod-shaped, endospore-forming, oxidase-positive bacterium. The endospores are ellipsoidal, located in central/paracentral, unswollen sporangia. In laboratory conditions, it produces opaque, creamish, raised-margin colonies at 30  2C when incubated for 2472 hrs. on tryptic soy agar. This bacterial species may be isolated from feces (poultry) and soil."
"Enterococcus sp.","unknown","No Wikipedia description available for Enterococcus sp."
"Pasteurella sp.","unknown","No Wikipedia description available for Pasteurella sp."
"Vibrio penaeicida","Gram-negative","No Wikipedia description available for Vibrio penaeicida"
"Yarrowia lipolytica","Fungi","Yarrowia lipolytica is a species of fungus in the family Dipodascaceae. It is notable for its use of unusual carbon sources, such as hydrocarbons. This has made it of interest for use in industrial microbiology, especially for the production of specialty lipids."
"Colletotrichum graminicola","Fungi","Glomerella graminicola is an economically important crop parasite affecting both wheat and maize where it causes the plant disease anthracnose leaf blight."
"Fulvia fulva","Fungi","Passalora fulva is a fungal plant pathogen that causes tomato leaf mold."
"Staphylococcus cohnii","Gram-positive","Staphylococcus cohnii is a Gram-positive, coagulase-negative member of the bacterial genus Staphylococcus consisting of clustered cocci. The species commonly lives on human skin; clinical isolates have shown high levels of antibiotic resistance. A strain of S. cohnii was found to contain a mobile genetic element very similar to the staphylococcal cassette chromosome encoding methicillin resistance element seen in Staphylococcus aureus."
"Penicillium roqueforti","Fungi","Penicillium roqueforti is a common saprotrophic fungus in the genus Penicillium. Widespread in nature, it can be isolated from soil, decaying organic matter, and plants."
"Azotobacter vinelandii","Gram-negative","Azotobacter vinelandii is Gram-negative diazotroph that can fix nitrogen while grown aerobically. These bacteria are easily cultured and grown."
"Cupriavidus necator","unknown","Cupriavidus necator is a Gram-negative soil bacterium of the class Betaproteobacteria."
"Corynebacterium sp.","unknown","No Wikipedia description available for Corynebacterium sp."
"Leishmania infantum","unknown","Leishmania infantum is a parasitic protozoan and the causative agent of infantile visceral leishmaniasis in the Mediterranean region and in Latin America, where it has been called Leishmania chagasi. It is also an unusual cause of cutaneous leishmaniasis, which is normally caused by specific lineages. Wild canids and domestic dogs are the natural reservoir of this organism. The sandfly species Lutzomyia longipalpis serves as the primary vector for the transmission of the disease."
"Actinomyces israelii","Gram-positive","Actinomyces israelii is a species of Gram-positive, rod-shaped bacteria within the genus Actinomyces. Known to live commensally on and within humans, A. israelii is an opportunistic pathogen and a cause of actinomycosis. Many physiologically diverse strains of the species are known to exist, though not all are strict anaerobes. It was named after the German surgeon James Israel (18481926), who studied the organism for the first time in 1878."
"Ralstonia solanacearum","unknown","Ralstonia solanacearum is an aerobic non-spore-forming, Gram-negative, plant pathogenic bacterium. R. solanacearum is soil-borne and motile with a polar flagellar tuft. It colonises the xylem, causing bacterial wilt in a very wide range of potential host plants. It is known as Granville wilt when it occurs in tobacco. Bacterial wilts of tomato, pepper, eggplant, and Irish potato caused by R. solanacearum were among the first diseases that Erwin Frink Smith proved to be caused by a bacterial pathogen. Because of its devastating lethality, R. solanacearum is now one of the more intensively studied phytopathogenic bacteria, and bacterial wilt of tomato is a model system for investigating mechanisms of pathogenesis. Ralstonia was until recently classified as Pseudomonas, with similarity in most aspects, except that it does not produce fluorescent pigment like Pseudomonas. The genomes from different strains vary from 5.5 Mb up to 6 Mb, roughly being 3.5 Mb of a chromosome and 2 Mb of a megaplasmid. While the strain GMI1000 was one of the first phytopathogenic bacteria to have its genome completed, the strain UY031 was the first R. solanacearum to have its methylome reported. Within the R. solanacearum species complex, the four major monophyletic clusters of strains are termed phylotypes, that are geographically distinct: phylotypes I-IV are found in Asia, the Americas, Africa, and Oceania, respectively."
"Microbacterium oxydans","Gram-positive","Microbacterium oxydans is a Gram-positive bacterium from the genus Microbacterium which occurs in human clinical specimens. Microbacterium oxydans has the ability to degrade alginate and laminarin."
"Sporosarcina ureae","unknown","Sporosarcina ureae is a type of bacteria of the genus Sporosarcina, and is closely related to the genus Bacillus. S. ureae is an aerobic, motile, spore-forming, Gram-positive coccus, originally isolated in the early 20th century from soil. S. ureae is distinguished by its ability to grow in relatively high concentrations of urea through production of at least one exourease, an enzyme that converts urea to ammonia. S. ureae has also been found to sporulate when environmental conditions become unfavorable, and can remain viable for up to a year."
"Lelliottia amnigena","Gram-negative","No Wikipedia description available for Lelliottia amnigena"
"Kluyvera cryocrescens","Gram-negative","Kluyvera cryocrescens is a bacterium, the type species of its genus. It is Gram-negative, rod-shaped and motile with peritrichous flagella."
"Salmonella sp.","unknown","No Wikipedia description available for Salmonella sp."
"Franconibacter helveticus","Gram-negative","No Wikipedia description available for Franconibacter helveticus"
"Trichomonas vaginalis","unknown","Trichomonas vaginalis is an anaerobic, flagellated protozoan parasite and the causative agent of a sexually transmitted disease called trichomoniasis. It is the most common pathogenic protozoan that infects humans in industrialized countries. Infection rates in men and women are similar but women are usually symptomatic, while infections in men are usually asymptomatic. Transmission usually occurs via direct, skin-to-skin contact with an infected individual, most often through vaginal intercourse. It is estimated that 160 million cases of infection are acquired annually worldwide. The estimates for North America alone are between 5 and 8 million new infections each year, with an estimated rate of asymptomatic cases as high as 50%. Usually treatment consists of either metronidazole or tinidazole. More recent studies on Trichomonas vaginalis have shed light on the parasite's evolution, genomic complexity, and pathogenesis processes. New population studies and genomic sequences illustrate the genetic variability of the parasite and the parasite's possible resistance to treatment. Understanding of host-pathogen interaction and prevention strategies remains a driving force behind public health."
"Miamiensis avidus","unknown","Miamiensis avidus is a species of unicellular marine eukaryote that is a parasite of many different types of fish. It is one of several organisms known to cause the fish disease scuticociliatosis and is considered an economically significant pathogen of farmed fish. M. avidus is believed to be the cause of a 2017 die-off of fish and sharks in the San Francisco Bay."
"Vibrio tapetis","Gram-negative","Vibrio tapetis is a Gram-negative, rod-shaped bacterium, the causative agent of the brown ring disease that affects cultured clams. B1090 is the type strain."
"Flavobacterium psychrophilum","Gram-negative","Flavobacterium psychrophilum is a psychrophilic, gram-negative bacterial rod, belonging to the Bacteroidota. It is the causative agent of bacterial coldwater disease (BCWD) and was first isolated in 1948 during a die-off in the salmonid Oncorhynchus kisutch."
"Vibrio fluvialis","Gram-negative","Vibrio fluvialis is a water-borne bacterium first isolated from patients with severe diarrhoea in Bahrain in the 1970s by A. L. Furniss and his colleagues, and is considered to be an emerging pathogen with the potential to have a significant impact on public health. Upon discovery, this organism was considered to be similar to both Vibrio and Aeromonas species, but was ultimately determined to be more closely related to Vibrio. V. fluvialis can be found in salt waters globally and also has the potential to infect both humans and a variety of crustaceans."
"Vibrio ordalii","Gram-negative","Vibrio ordalii is a Gram-negative, rod-shaped bacterium. It causes vibriosis in fish. Its type strain is ATCC 33509."
"Vibrio campbellii","Gram-negative","Vibrio campbellii is a Gram-negative, curved rod-shaped, marine bacterium closely related to its sister species, Vibrio harveyi. It is an emerging pathogen in aquatic organisms."
"Rothia nasimurium","Gram-positive","Rothia nasimurium is a species of Gram-positive, aerobic bacteria in the family Micrococcaceae. It was first isolated from the nasal cavity of a healthy mouse and formally described in 2000. The name derives from Latin meaning ""of the nose of mice"". It belongs to the Rothia genus, whose members are typically found as commensals in mammals and birds."
"Delftia acidovorans","Gram-negative","Delftia acidovorans is a Gram-negative, motile, non-sporulating, rod-shaped bacterium known for its ability to biomineralize gold and bioremediation characteristics. It was first isolated from soil in Delft, Netherlands. The bacterium was originally categorized as Pseudomonas acidovorans and Comamonas acidovorans before being reclassified as Delftia acidovorans."
"Xanthomonas oryzae","unknown","Xanthomonas oryzae is a species of bacteria. The major host of the bacterium is rice."
"Papiliotrema laurentii","Fungi","Papiliotrema laurentii is a species of fungus in the family Rhynchogastremaceae. It is typically isolated in its yeast state."
"Alicyclobacillus acidoterrestris","Gram-positive","Alicyclobacillus acidoterrestris is a species of Gram positive, strictly aerobic, bacterium. The bacteria are acidophilic and produce endospores. It was first isolated from soil. The species was originally classified as Bacillus acidoterrestris in 1987, but further 16S rRNA studies found that the species belonged in the newly created genus Alicyclobacillus. The species name is derived from the Latin acidum (acid) and terrestris, referring to its acidophilic nature and that it was isolated from soil."
"Paenibacillus polymyxa","Gram-positive","Paenibacillus polymyxa, also known as Bacillus polymyxa, is a Gram-positive bacterium capable of fixing nitrogen. It is found in soil, plant tissues, marine sediments and hot springs. It may have a role in forest ecosystems and potential future applications as a biofertilizer and biocontrol agent in agriculture."
"Clostridioides difficile","Gram-positive","Clostridioides difficile is a bacterium known for causing serious diarrheal infections, and may also cause colon cancer. It is known also as C. difficile, or C. diff, and is a Gram-positive species of spore-forming bacteria. Clostridioides spp. are anaerobic, motile bacteria, ubiquitous in nature and especially prevalent in soil. Its vegetative cells are rod-shaped, pleomorphic, and occur in pairs or short chains. Under the microscope, they appear as long, irregular cells with a bulge at their terminal ends. C. difficile cells show optimum growth on blood agar at human body temperatures in the absence of oxygen. C. difficile is catalase- and superoxide dismutase-negative, and produces up to three types of toxins: enterotoxin A, cytotoxin B and Clostridioides difficile transferase. Under stress conditions, the bacteria produce spores that tolerate extreme conditions that the active bacteria cannot tolerate."
"Francisella sp.","unknown","No Wikipedia description available for Francisella sp."
"Carnobacterium divergens","Gram-positive","No Wikipedia description available for Carnobacterium divergens"
"Aspicilia cinerea","Fungi","Aspicilia cinerea is a gray to almost white, 1.515 cm (0.595.91 in) wide, crustose areolate lichen with large apothecia that mostly grows on rock in the mountains. It grows in variable forms, from having a continuous surface to being areolate. It grows in Eurasia, and North America on siliceous rock, schist or igneous rock in habitats exposed to sunlight, also rarely on calciferous rock. It is common in Arizona, and rare in California and Baja California at elevations of 1,700 to 3,300 metres. In Nepal, Aspicilia cinerea has been reported at 4,300 m (14,100 ft) elevation in a compilation of published records."
"Bacillus atrophaeus","Gram-positive","Bacillus atrophaeus is a species of black-pigmented bacteria. Its type strain is NRRL NRS-213. B. atrophaeus strains have been used extensively in biomedicine as indicator strains for heat- and chemical-based decontamination regimens. Most of the strains in use are derivatives of a lineage of B. atrophaeus that originated at Camp Detrick in the 1950s, where many modern biocontainment procedures were developed."
"Lacinutrix algicola","unknown","Lacinutrix algicola is a Gram-negative, aerobic and heterotrophic bacterium from the genus of Lacinutrix which has been isolated from a red alga."
"Leishmania major","unknown","Leishmania major is a species of parasite found in the genus Leishmania, and is associated with the disease zoonotic cutaneous leishmaniasis. L. major is an intracellular pathogen which infects the macrophages and dendritic cells of the immune system. Though Leishmania species are found on every continent aside from Antarctica, Leishmania major is found only in the Eastern Hemisphere, specifically in Northern Africa, the Middle East, Northwestern China, and Northwestern India."
"Shigella boydii","Gram-negative","Shigella boydii is a Gram-negative bacterium of the genus Shigella. Like other members of the genus, S. boydii is a nonmotile, nonsporeforming, rod-shaped bacterium which can cause dysentery in humans through fecal-oral contamination."
"Vibrio litoralis","Gram-negative","No Wikipedia description available for Vibrio litoralis"
"Colletotrichum gloeosporioides","Fungi","Glomerella cingulata is a fungal plant pathogen, being the name of the sexual stage (teleomorph) while the more commonly referred to asexual stage (anamorph) is called Colletotrichum gloeosporioides. For most of this article the pathogen will be referred to as C. gloeosporioides. This pathogen is a significant problem worldwide, causing anthracnose and fruit rotting diseases on hundreds of economically important hosts."
"Trichoderma virens","Fungi","Trichoderma is a genus of fungi in the family Hypocreaceae that is present in all soils, where they are the most prevalent culturable fungi. Many species in this genus can be characterized as opportunistic avirulent plant symbionts. This refers to the ability of several Trichoderma species to form mutualistic endophytic relationships with several plant species. Trichoderma species are also responsible for green mold disease in mushroom cultivation. The genomes of several Trichoderma species have been sequenced and are publicly available from the JGI."
"Vibrio ichthyoenteri","Gram-negative","No Wikipedia description available for Vibrio ichthyoenteri"
"Paracoccidioides brasiliensis","Fungi","Paracoccidioides brasiliensis is a dimorphic fungus and one of the two species that cause paracoccidioidomycosis. The fungus has been affiliated with the family Ajellomycetaceae although a sexual state or teleomorph has not yet been found."
"Paracoccidioides lutzii","Fungi","Paracoccidioides lutzii is a dimorphic fungus that is one of the causal agents of paracoccidioidomycosis, together with Paracoccidioides brasiliensis. Unlike P. brasiliensis, which is found throughout Central and South America, P. lutzii is found only in Brazil and Ecuador. It is less virulent than P. brasiliensis."
"Acinetobacter baylyi","Gram-negative","Acinetobacter baylyi is a bacterial species of the genus Acinetobacter. The species designation was given after the characterization of strains isolated from activated sludge in Victoria, Australia, in 2003. A. baylyi is named after the late Dr. Ronald Bayly, an Australian microbiologist who contributed significantly to research on aromatic compound catabolism in diverse bacteria. The new species designation, in 2003, was found to apply to an already well-studied Acinetobacter strain known as ADP1, a derivative of a soil isolate characterized in 1969. For a long time, the taxonomy of Acinetobacter species was complicated by the lack of distinguishing traits. Strain ADP1 was long classified as Acinetobacter calcoaceticus and it was later referred to without a species name Research, particularly in the field of genetics and aromatic compound catabolism, established A. baylyi as a model organism."
"Vibrio scophthalmi","Gram-negative","No Wikipedia description available for Vibrio scophthalmi"
"Lichtheimia corymbifera","Fungi","Lichtheimia corymbifera is a thermophilic fungus in the phylum Zygomycota. It normally lives as a saprotrophic mold, but can also be an opportunistic pathogen known to cause pulmonary, CNS, rhinocerebral, or cutaneous infections in animals and humans with impaired immunity."
"Mucor circinelloides","Fungi","Mucor circinelloides is a dimorphic fungus belonging to the Order Mucorales. It has a worldwide distribution, found mostly in soil, dung and root vegetables. This species is described as not known to be able to produce mycotoxins, however it has been frequently reported to infect animals such as cattle and swine, as well as fowl, platypus and occasionally humans. Ketoacidotic patients are particularly at risk for infection by M. circinelloides."
"Pseudomonas tolaasii","Gram-negative","Pseudomonas tolaasii is a species of Gram-negative soil bacteria that is the causal agent of bacterial blotch on cultivated mushrooms. It is known to produce a toxin, called tolaasin, which is responsible for the brown blotches associated with the disease. It also demonstrates hemolytic activity, causing lysis of erythrocytes. Based on 16S rRNA analysis, P. tolaasii has been placed in the P. fluorescens group."
"Pluralibacter gergoviae","Gram-negative","Pluralibacter gergoviae is a Gram-negative, motile, facultatively-anaerobic, rod-shaped bacterium. P. gergoviae is of special interest to the cosmetics industry, as it displays resistance to parabens, a common antimicrobial agent added to cosmetic products."
"Kluyveromyces lactis","Fungi","Kluyveromyces lactis is a Kluyveromyces yeast commonly used for genetic studies and industrial applications. Its name comes from the ability to assimilate lactose and convert it into lactic acid."
"Debaryomyces hansenii","Fungi","Debaryomyces hansenii, also known as Candida famata, is a species of yeast in the family Saccharomycetaceae."
"Alkalihalobacillus alcalophilus","Gram-positive","Alkalihalobacillus alcalophilus is a Gram-positive, rod-shaped species of bacteria. Likely strains of this species have been isolated from highly alkaline waste water. A. alcalophilus is a moderate halotolerant obligate alkaliphile growing at 40 C and at pH 910.5 that has been isolated from soil and animal manures."
"Candida viswanathii","Fungi","Candida viswanathii is a species of yeast in the genus Candida. It is named after the noted Indian pulmonologist, Raman Viswanathan."
"Lacticaseibacillus rhamnosus","Gram-positive","Lacticaseibacillus rhamnosus is a bacterium that originally was considered to be a subspecies of L. casei, but genetic research found it to be a separate species in the L. casei clade, which also includes L. paracasei and L. zeae. It is a short Gram-positive homofermentative facultative anaerobic non-spore-forming rod that often appears in chains. Some strains of L. rhamnosus bacteria are being used as probiotics, and are particularly useful in treating infections of the female urogenital tract, most particularly very difficult to treat cases of bacterial vaginosis. The species Lacticaseibacillus rhamnosus and Limosilactobacillus reuteri are commonly found in the healthy female genito-urinary tract and are helpful to regain control of dysbiotic bacterial overgrowth during an active infection. L. rhamnosus sometimes is used in dairy products such as fermented milk and as non-starter-lactic acid bacterium (NSLAB) in long-ripened cheese. While frequently considered a beneficial organism, L. rhamnosus may not be as beneficial to certain subsets of the population; in rare circumstances, especially those primarily involving weakened immune system or infants, it may cause endocarditis. Despite the rare infections caused by L. rhamnosus, the species is included in the list of bacterial species with qualified presumed safety (QPS) status of the European Food Safety Agency."
"Enterobacter asburiae","Gram-negative","No Wikipedia description available for Enterobacter asburiae"
"Syspastospora parasitica","Fungi","Syspastospora parasitica is a mycoparasitic fungus. It attacks other fungi, particularly species of Beauveria and Isaria. It parasitizes the mycelium of its host by means of specialized contact cells, and produces dark brown, long-necked perithecia."
"Vibrio proteolyticus","Gram-negative","No Wikipedia description available for Vibrio proteolyticus"
"Streptococcus parauberis","Gram-positive","No Wikipedia description available for Streptococcus parauberis"
"Edwardsiella piscicida","unknown","No Wikipedia description available for Edwardsiella piscicida"
"Chromobacterium violaceum","Gram-negative","Chromobacterium violaceum is a Gram-negative, facultative anaerobic, non-sporing coccobacillus. It is motile with the help of a single flagellum which is located at the pole of the coccobacillus. Usually, there are one or two more lateral flagella as well. It is part of the normal flora of water and soil of tropical and sub-tropical regions of the world. It produces a natural antibiotic called violacein, which may be useful for the treatment of colon and other cancers. It grows readily on nutrient agar, producing distinctive smooth low convex colonies with a characteristic striking dark violet metallic sheen. Some strains of the bacteria which do not produce this pigment have also been reported. It has the ability to break down tarballs."
"Penicillium thomii","Fungi","Penicillium thomii is an anamorph species of fungus in the genus Penicillium which was isolated from spoiled faba beans in Australia. Penicillium thomii produces hadicidine, 6-methoxymelline and penicillic acid"
"Leishmania mexicana","unknown","Leishmania mexicana is a species of obligate intracellular parasite of the protozoan genus Leishmania. In Mexico and Central America, this parasite is the primary cause of cutaneous leishmaniasis. It is also endemic to Texas, where 69 cases were identified between 2007-2019, at least 58% of which were acquired endemically. Climate change and pesticide resistance may allow L. mexicana to become endemic in Oklahoma in the 2020s, and it may have the potential to spread throughout the Southeast United States in the following decades."
"Leishmania donovani","unknown","Leishmania donovani is a species of intracellular parasites belonging to the genus Leishmania, a group of haemoflagellate kinetoplastids that cause the disease leishmaniasis. It is a human blood parasite responsible for visceral leishmaniasis or kala-azar, the most severe form of leishmaniasis. It infects the mononuclear phagocyte system including spleen, liver and bone marrow. Infection is transmitted by species of sandfly belonging to the genus Phlebotomus in Old World and Lutzomyia in New World. The species complex it represents is prevalent throughout tropical and temperate regions including Africa, China, India, Nepal, southern Europe, Russia and South America. The species complex is responsible for thousands of deaths every year and has spread to 88 countries, with 350 million people at constant risk of infection and 0.5 million new cases in a year."
"Bifidobacterium longum","Gram-positive","Bifidobacterium longum is a Gram-positive, catalase-negative, rod-shaped bacterium present in the human gastrointestinal tract and one of the 32 species that belong to the genus Bifidobacterium. It is a microaerotolerant anaerobe and considered to be one of the earliest colonizers of the gastrointestinal tract of infants. When grown on general anaerobic medium, B. longum forms white, glossy colonies with a convex shape. B. longum is one of the most common bifidobacteria present in the gastrointestinal tracts of both children and adults. B. longum is non-pathogenic, is often added to food products, and its production of lactic acid is believed to prevent growth of pathogenic organisms."
"Lactococcus kimchii","Gram-positive","No Wikipedia description available for Lactococcus kimchii"
"Paenibacillus solanacearum","Gram-positive","No Wikipedia description available for Paenibacillus solanacearum"
"Shewanella oneidensis","Gram-negative","Shewanella oneidensis is a bacterium notable for its ability to reduce metal ions and live in environments with or without oxygen. This proteobacterium was first isolated from Lake Oneida, NY in 1988, hence its name."
"Mannheimia bovis","unknown","Mannheimia bovis is a species of Gram-negative, facultatively anaerobic bacteria within the family Pasteurellaceae. It was first described in 2021 following its isolation from the lung of a cow that died from hemorrhagic pneumonia in Yunnan Province, China. The type strain is ZY190616T."
"Candida zeylanoides","Fungi","No Wikipedia description available for Candida zeylanoides"
"Fusarium breve","Fungi","No Wikipedia description available for Fusarium breve"
"Pyricularia parasitica","Fungi","No Wikipedia description available for Pyricularia parasitica"
"Trichosporon asahii","Fungi","Trichosporon asahii is a non-Candida yeast that has been reported to cause infections in immunocompromised patients. T. asahii is the most prominent human pathogen in its genus, causing more than half of all Trichosporon infections. First discovered and named in 1929, The currently accepted nomenclature of T. asahii was validated in 1994."
"Corynebacterium renale","Gram-positive","Corynebacterium renale is a pathogenic bacterium that causes cystitis and pyelonephritis in cattle."
"Cercospora nicotianae","Fungi","Cercospora nicotianae is a cosmopolitan fungal plant pathogen and the causal agent of frog-eye leaf spot (FLS) on tobacco. The disease is a significant factor in tobacco production worldwide, causing lesions on leaves that reduce crop yield and the quality of cured leaf tobacco."
"Paenibacillus tritici","Gram-positive","No Wikipedia description available for Paenibacillus tritici"
"Pseudoalteromonas denitrificans","unknown","Pseudoalteromonas denitrificans is a marine bacterium."
"Phytophthora cryptogea","unknown","Phytophthora cryptogea is a species of water mould in the family Pythiaceae. It is a plant pathogen that infects several species of cultivated plants, including over 40 species of cultivated flowers. It was first described as the cause of tomato foot rot in tomatoes"
"Agrobacterium radiobacter","Gram-negative","Agrobacterium radiobacter is the type species of the genus Agrobacterium, a genus of Gram-negative bacteria that cause tumors in plants. It was incorrectly synonymized with Agrobacterium tumefaciens until 2022. This species is widely found in soil, in plant rhizospheres, and in human clinical specimens. Some members such as B6 harbor a tumor-inducing (Ti) plasmid and cause crown gall disease in plants. The type strain ATCC 19358 does not carry such a plasmid and is nonpathogenic."
"Leishmania amazonensis","unknown","Leishmania amazonensis is a parasite responsible for the disease leishmaniasis. This species has been known to spread by using sandflies as its vector and a vertebrate as its primary host, just like other species of Leishmania. They have also been known to spread throughout the Brazilian Amazon region due to their ecological niches needed for survival and reproduction. However, when the host is infected, the Leishmania can cause 3 different forms of Leishmaniasis. For this species, it has been known to cause cutaneous leishmaniasis and mucocutaneous leishmaniasis. Cutaneous leishmaniasis is commonly characterized with skin lesions, which can appear localized, or throughout the body. While mucocutaneous leishmaniasis is characterized with ulcers around the skin, mouth, and nose. This form of Leishmaniasis has also been known to can spread by metastasis and can be deadly."
"Leishmania tropica","unknown","Leishmania tropica is a flagellate parasite and the cause of anthroponotic cutaneous leishmaniasis in humans. This parasite is restricted to Afro-Eurasia and is a common cause of infection in Afghanistan, Iran, Syria, Yemen, Algeria, Morocco, and northern India."
"Leishmania braziliensis","unknown","Leishmania braziliensis is a Leishmania species found in South America. It is associated with leishmaniasis."
"Colletotrichum orbiculare","Fungi","Colletotrichum orbiculare is a plant pathogen of melons and cucumber. It causes the disease anthracnose that can effect curcubits causing lesions on various parts of the plant. It can effect cucumbers, melon, squash, watermelon and pumpkin, especially when the weather is rainy, humid and warm. It can be transmitted by seed as well as soil and survive between crops. It is also spread by feeding cucumber beetles, splashing water, tools and workers. Efforts to control the fungus include the practice of rotating cucurbits out for a 2-year period, planting cultivars with resistance, burning infected crops and careful control of weeds. Chemical control measures are also available."
"Phytophthora infestans","unknown","Phytophthora infestans is an oomycete or water mold, a fungus-like microorganism (oomycete) that causes the serious potato and tomato disease known as late blight or potato blight. Early blight, caused by Alternaria solani, is also often called ""potato blight"". Late blight was a major culprit in the 1840s European, the 18451852 Irish, and the 1846 Highland potato famines. The organism can also infect some other members of the Solanaceae. The pathogen is favored by moist, cool environments: sporulation is optimal at 1218C (5464F) in water-saturated or nearly saturated environments, and zoospore production is favored at temperatures below 15C (59F). Lesion growth rates are typically optimal at a slightly warmer temperature range of 20 to 24C."
"Alternaria solani","Fungi","Alternaria solani is a fungal pathogen that produces a disease in tomato and potato plants called early blight. The pathogen produces distinctive ""bullseye"" patterned leaf spots and can also cause stem lesions and fruit rot on tomato and tuber blight on potato. Despite the name ""early"", foliar symptoms usually occur on older leaves. If uncontrolled, early blight can cause significant yield reductions. Primary methods of controlling this disease include preventing long periods of wetness on leaf surfaces and applying fungicides. Early blight can also be caused by Alternaria tomatophila, which is more virulent on stems and leaves of tomato plants than Alternaria solani."
"Pichia exigua","Fungi","No Wikipedia description available for Pichia exigua"
"Trichoderma hamatum","Fungi","Trichoderma hamatum is a species of fungus in the family Hypocreaceae. It has been used a biological control of certain plant diseases, including Sclerotinia lettuce drop caused by Sclerotinia minor."
"Microsporum audouinii","Fungi","Microsporum audouinii is an anthropophilic fungus in the genus Microsporum. It is a type of dermatophyte that colonizes keratinized tissues causing infection. The fungus is characterized by its spindle-shaped macroconidia, clavate microconidia as well as its pitted or spiny external walls."
"Colletotrichum acutatum","Fungi","Colletotrichum acutatum is a plant pathogen and endophyte. It is the organism that causes the most destructive fungal disease, anthracnose, of lupin species worldwide. It also causes the disease postbloom fruit drop on many varieties of citrus, especially Valencia and navel oranges in Florida."
"Botrytis elliptica","Fungi","No Wikipedia description available for Botrytis elliptica"
"Raoultella sp.","unknown","No Wikipedia description available for Raoultella sp."
"Sclerotinia trifoliorum","Fungi","No Wikipedia description available for Sclerotinia trifoliorum"
"Streptomyces tritici","Gram-positive","No Wikipedia description available for Streptomyces tritici"
"Phytophthora litchii","unknown","No Wikipedia description available for Phytophthora litchii"
"Phytophthora pisi","unknown","No Wikipedia description available for Phytophthora pisi"
"Penicillium chrysogenum","Fungi","No Wikipedia description available for Penicillium chrysogenum"
"Phytophthora capsici","unknown","No Wikipedia description available for Phytophthora capsici"
"Lacticaseibacillus paracasei","Gram-positive","Lacticaseibacillus paracasei (commonly abbreviated as Lc. paracasei) is a gram-positive, heterofermentative species of lactic acid bacteria that are commonly used in dairy product fermentation and as probiotic cultures. Lc. paracasei is a bacterium that operates by commensalism. It is commonly found in many human habitats such as human intestinal tracts and mouths as well as sewages, silages, and previously mentioned dairy products. The name includes morphology, a rod-shaped bacterium with a width of 2.0 to 4.0m and length of 0.8 to 1.0m."
"Lactobacillus sp.","unknown","No Wikipedia description available for Lactobacillus sp."
"Colletotrichum falcatum","Fungi","Glomerella tucumanensis is a species of fungus in the family Glomerellaceae. It is a pathogen of sugarcane responsible for the disease known as red rot of sugarcane, this disease impacts sugarcane production in South and South-East Asia and has spread to 69 countries. It has been responsible for the elimination of many commercial varieties of sugarcane."
"Limosilactobacillus reuteri","Gram-positive","Limosilactobacillus reuteri is a lactic acid bacterium. It is a member of the Lactobacillaceae family. It inhabits a variety of natural environments, including the gastrointestinal tract of humans and other animals. It does not appear to be pathogenic and may have health effects."
"Vibrio sp.","unknown","Vibrio is a genus of Gram-negative bacteria, which have a characteristic curved-rod (comma) shape, several species of which can cause foodborne infection or soft-tissue infection called Vibriosis. Infection is commonly associated with eating undercooked seafood. Being highly salt tolerant, Vibrio spp. are commonly found in various salt water environments, but some species are found in freshwater. Vibrio spp. are facultative anaerobes that test positive for oxidase and do not form spores. All members of the genus are motile. They are able to have polar or lateral flagellum with or without sheaths. Vibrio species typically possess two chromosomes, which is unusual for bacteria. Each chromosome has a distinct and independent origin of replication, and are conserved together over time in the genus. Recent phylogenies have been constructed based on a suite of genes."
"Acinetobacter lwoffii","Gram-negative","Acinetobacter lwoffii, formerly known as Mima polymorpha or Acinetobacter calcoaceticus var. lwoffii, is a non-fermentative Gram-negative bacillus bacterium that is a member of the genus Acinetobacter. It is considered as normal skin flora and can also inhabit the human oropharynx and perineum of up to 25% of the population. In addition to that, it can cause infections in human hosts, particularly catheter-associated infections in immunocompromised patients. It has also been associated with at least one case of gastroenteritis. Due to its ability to survive dry conditions, low pH, and a wide range of temperatures, A. lwoffii, along with A. johnsonii, has been found in frozen food, bacon, eggs, pasteurized milk, and fish. It is also resistant to many disinfectants, irradiation, and desiccation. There are also many environmental A. lwoffii strains originating for instance from a permafrost or former gold mine."
"Carnobacterium funditum","Gram-positive","No Wikipedia description available for Carnobacterium funditum"
"Weissella cibaria","Gram-positive","Weissella cibaria is a species of Gram-positive bacteria, placed within the family of Leuconostocaceae. W. cibaria CMGDEX3 was reported from Pakistan to produce high molecular weight, linear dextran with predominant (16) linkages."
"Microbacterium hominis","Gram-positive","Microbacterium hominis is a bacterium from the genus Microbacterium which has been isolated from lung aspirate."
"Clostridium tyrobutyricum","Gram-positive","Clostridium tyrobutyricum is a rod-shaped, Gram-positive bacterium that grows under anaerobic conditions and produces butyric acid, acetic acid and hydrogen gas as the major fermentation products from glucose and xylose."
"Mycobacterium albicans","unknown","No Wikipedia description available for Mycobacterium albicans"
"Paenibacillus larvae","Gram-positive","Paenibacillus larvae are a species of bacterium, found worldwide, which cause American foulbrood, a fatal disease of the larvae of honeybees. It is a Gram-positive, rod-shaped bacterium, which forms spores which can remain viable for at least thirty-five years."
"Corynebacterium bovis","Gram-positive","Corynebacterium bovis is a pathogenic bacterium that causes mastitis and pyelonephritis in cattle."
"Rhizopus homothallicus","Fungi","No Wikipedia description available for Rhizopus homothallicus"
"Pythium aphanidermatum","unknown","Pythium aphanidermatum is a soil borne plant pathogen. Pythium is a genus in the class Oomycetes, which are also known as water molds. Oomycetes are not true fungi, as their cell walls are made of cellulose instead of chitin, they are diploid in their vegetative state, and they form coenocytic hyphae. Also, they reproduce asexually with motile biflagelette zoospores that require water to move towards and infect a host. Sexually, they reproduce with structures called antheridia, oogonia, and oospores."
"Phytophthora cichorii","unknown","No Wikipedia description available for Phytophthora cichorii"
"Clostridium gallinarum","unknown","No Wikipedia description available for Clostridium gallinarum"
"Trypanosoma equiperdum","unknown","rypanosoma equiperdum is a species of kinetoplastid parasites that causes covering sickness in horses and other animals in the family Equidae. T. equiperdum is the only known trypanosome that is not spread by an insect vector. There has been substantial controversy surrounding whether T. equiperdum should be considered a unique species, or a strain of T. evansi or T. brucei. T. equiperdum is unique in that its kinetoplast, the network of connected rings that make up its mitochondrial DNA, consists of thousands of ""minicircles"" that are identical in sequence."
"Trypanosoma evansi","unknown","Trypanosoma evansi is a parasitic species of excavate trypanosome in the genus Trypanosoma that is one cause of surra in animals. Discovered by Griffith Evans in 1880 at Dera Ismail Khan, it is the first known trypanosome that causes infection. It is a common parasite in India and Iran and causes acute disease in camels and horses, and chronic disease in cattle and buffalo. In Pakistan, it has been found to be the most prevalent trypanosome species in donkeys. It is now established to infect other mammals, including humans."
"Haemophilus ducreyi","unknown","Haemophilus ducreyi are fastidious gram-negative coccobacilli bacteria."
"Fusarium lactis","Fungi","No Wikipedia description available for Fusarium lactis"
"Fusarium equiseti","Fungi","Fusarium equiseti is a fungal species and plant pathogen on a varied range of crops."
"Fusarium poae","Fungi","No Wikipedia description available for Fusarium poae"
"Aspergillus giganteus","Fungi","Aspergillus giganteus is a species of fungus in the genus Aspergillus that grows as a mold. It was first described in 1901 by Wehmer, and is one of six Aspergillus species from the Clavati section of the subgenus Fumigati. Its closest taxonomic relatives are Aspergillus rhizopodus and Aspergillus longivescia."
"Fusarium sporotrichioides","Fungi","Fusarium sporotrichioides is a fungal plant pathogen, one of various Fusarium species responsible for damaging crops, in particular causing a condition known as Fusarium head blight in wheat, consequently being of notable agricultural and economic importance. The species is ecologically widespread, being found across tropical and temperate regions, and is a significant producer of mycotoxins, particularly trichothecenes. Although mainly infecting crops, F. sporotrichioides-derived mycotoxins can have repercussions for human health in the case of the ingestion of infected cereals. One such example includes the outbreak of alimentary toxic aleukia (ATA) in Russia, of which F. sporotrichioides-infected crop was suspected to be the cause. Although current studies on F. sporotrichioides are somewhat limited in comparison to other species in the genus, Fusarium sporotrichioides has found several applications as a model system for experimentation in molecular biology."
"Weissella paramesenteroides","Gram-positive","Weissella paramesenteroides is a species of Gram-positive, non-spore-forming, lactic acid-producing bacteria in the family Lactobacillaceae. It is commonly found in a variety of fermented foods and has been studied for its probiotic and biotechnological potential."
"Paenibacillus macerans","Gram-positive","Paenibacillus macerans is a diazotroph bacterium found in soil and plants capable of nitrogen fixation and fermentation. This bacteria was originally discovered in 1905 by an Austrian biologist named Schardinger and thought to be a bacillus."
"Streptococcus viridans","unknown","The viridans streptococci are a large group of commensal streptococcal Gram-positive bacteria species that are -hemolytic, producing a green coloration on blood agar plates, although some species in this group are actually -hemolytic, meaning they produce no change on blood agar. The pseudo-taxonomic term ""Streptococcus viridans"" is often used to refer to this group of species, but writers who do not like to use the pseudotaxonomic term prefer the terms viridans streptococci, viridans group streptococci (VGS), or viridans streptococcal species."
"Paenibacillus granivorans","unknown","No Wikipedia description available for Paenibacillus granivorans"
"Corynebacterium striatum","Gram-positive","Corynebacterium striatum is a bacterium that is a member of the Corynebacterium genus. It is classified as non-diphtheritic. The bacterium is a gram-positive prokaryote that assumes a 'club-like' morphology, more formally known as a corynebacteria structure. It is non-lipophilic and undergoes aerobic respiration. It is a facultative anaerobe. It is catalase negative and is an oxidase positive glucose and sucrose fermenter."
"Listeria welshimeri","Gram-positive","Listeria welshimeri is a species of bacteria. It is a Gram-positive, facultatively anaerobic, motile, non-spore-forming bacillus. It is non-pathogenic and non-hemolytic. It was isolated from decayed vegetation in the United States by H. J. Welshimer, after whom the species is named. The species was first proposed in 1983."
